
                      00002         LIST
                      00003 ;{
                      00004 ;FILE F1 = C:\VIDEO_PAKETI_02102026_1640\CNANOKIT_02102026_1640\EXAMPLES\CNANO_KOMUT_56Q71.BAS
                      00005 ;}
;[Variable Listing]
                      00007 ;sTx,051D,DT_STRING,97
                      00008 ;sCmd,057E,DT_STRING,18
                      00009 ;sLow,0590,DT_STRING,18
                      00010 ;bLen,05A2,DT_BYTE,1
                      00011 ;bRaw,05A3,DT_BYTE,1
                      00012 ;bChar,05A4,DT_BYTE,1
                      00013 ;bI,05A5,DT_BYTE,1
                      00014 ;bSub,05A6,DT_BYTE,1
                      00015 ;bIdle,05A7,DT_BYTE,1
                      00016 ;bPhase,05A8,DT_BYTE,1
                      00017 ;bDuty,05A9,DT_BYTE,1
                      00018 ;bMode,05AA,DT_BYTE,1
                      00019 ;wT,05AB,DT_WORD,2
                      00020 ;wX,05AD,DT_WORD,2
                      00021 ;wNext,05AF,DT_WORD,2
                      00022 ;wN,05B1,DT_WORD,2
                      00023 ;dX,05B3,DT_DWORD,4
                      00024 ;Bk,05B7,DT_BYTE,1
                      00025 ;bSw,05B8,DT_BYTE,1
                      00026 ;wCyc,05B9,DT_WORD,2
                      00027 ;bSwOld,051C.0,DT_BIT
                      00028 ;bLedOn,051C.1,DT_BIT
                      00029 ;bLedWas,051C.2,DT_BIT
                      00030 ;bWires,051C.3,DT_BIT
                      00031 ;bKnown,051C.4,DT_BIT
;[End Listing]
                      00033 ;[TOTAL VARS] 187

                      00035 #define config_req 1
                      00036  LIST  P = 18F56Q71, F = INHX32, W = 2, X = ON, R = DEC, MM = ON, N = 0, C = 255, T = ON
                      00038 ; MICROCONTROLLER'S SFRS
  00000039            00039 CLKRCON equ 0x39
  0000003A            00040 CLKRCLK equ 0x3A
  00000040            00041 NVMCON0 equ 0x40
  00000041            00042 NVMCON1 equ 0x41
  00000041            00043 EECON1 equ 0x41
  00000042            00044 NVMLOCK equ 0x42
  00000043            00045 NVMADRL equ 0x43
  00000043            00046 EEADRL equ 0x43
  00000044            00047 NVMADRH equ 0x44
  00000044            00048 NVMADRLH equ 0x44
  00000044            00049 EEADRH equ 0x44
  00000044            00050 EEADRLH equ 0x44
  00000045            00051 NVMADRU equ 0x45
  00000045            00052 NVMADRLHH equ 0x45
  000004E8            00053 NVMADRLHHH equ 0X04E8
  00000045            00054 EEADRHH equ 0x45
  000004E8            00055 EEADRHHH equ 0X04E8
  00000045            00056 EEADRLHH equ 0x45
  000004E8            00057 EEADRLHHH equ 0X04E8
  00000046            00058 NVMDATL equ 0x46
  00000046            00059 NVMDATAL equ 0x46
  00000046            00060 EEDATL equ 0x46
  00000046            00061 EEDATAL equ 0x46
  00000047            00062 NVMDATH equ 0x47
  00000047            00063 NVMDATAH equ 0x47
  00000047            00064 EEDATH equ 0x47
  00000047            00065 EEDATAH equ 0x47
  00000048            00066 VREGCON equ 0x48
  00000049            00067 BORCON equ 0x49
  0000004A            00068 HLVDCON0 equ 0x4A
  0000004B            00069 HLVDCON1 equ 0x4B
  0000004C            00070 ZCDCON equ 0x4C
  00000062            00071 PMD0 equ 0x62
  00000063            00072 PMD1 equ 0x63
  00000064            00073 PMD2 equ 0x64
  00000065            00074 PMD3 equ 0x65
  00000066            00075 PMD4 equ 0x66
  00000067            00076 PMD5 equ 0x67
  00000068            00077 PMD6 equ 0x68
  0000006F            00078 CMOUT equ 0x6F
  00000070            00079 CM1CON0 equ 0x70
  00000071            00080 CM1CON1 equ 0x71
  00000072            00081 CM1NCH equ 0x72
  00000073            00082 CM1PCH equ 0x73
  00000074            00083 CM2CON0 equ 0x74
  00000075            00084 CM2CON1 equ 0x75
  00000076            00085 CM2NCH equ 0x76
  00000077            00086 CM2PCH equ 0x77
  00000078            00087 WDTCON0 equ 0x78
  00000079            00088 WDTCON1 equ 0x79
  0000007A            00089 WDTPSL equ 0x7A
  0000007B            00090 WDTPSH equ 0x7B
  0000007B            00091 WDTPSLH equ 0x7B
  0000007C            00092 WDTTMR equ 0x7C
  0000007D            00093 DAC1DATL equ 0x7D
  0000007E            00094 DAC1DATH equ 0x7E
  0000007F            00095 DAC1CON equ 0x7F
  00000080            00096 SPI1RXB equ 0x80
  00000081            00097 SPI1TXB equ 0x81
  00000082            00098 SPI1TCNTL equ 0x82
  00000083            00099 SPI1TCNTH equ 0x83
  00000083            00100 SPI1TCNTLH equ 0x83
  00000084            00101 SPI1CON0 equ 0x84
  00000085            00102 SPI1CON1 equ 0x85
  00000086            00103 SPI1CON2 equ 0x86
  00000087            00104 SPI1STATUS equ 0x87
  00000088            00105 SPI1TWIDTH equ 0x88
  00000089            00106 SPI1BAUD equ 0x89
  0000008A            00107 SPI1INTF equ 0x8A
  0000008B            00108 SPI1INTE equ 0x8B
  0000008C            00109 SPI1CLK equ 0x8C
  000000AC            00110 ACTCON equ 0xAC
  000000AD            00111 OSCCON1 equ 0xAD
  000000AE            00112 OSCCON2 equ 0xAE
  000000AF            00113 OSCCON3 equ 0xAF
  000000B0            00114 OSCTUNE equ 0xB0
  000000B1            00115 OSCFRQ equ 0xB1
  000000B1            00116 OSCFREQ equ 0xB1
  000000B2            00117 OSCSTAT equ 0xB2
  000000B2            00118 OSCSTAT1 equ 0xB2
  000000B3            00119 OSCEN equ 0xB3
  000000B4            00120 PRLOCK equ 0xB4
  000000B5            00121 SCANPR equ 0xB5
  000000B6            00122 DMA1PR equ 0xB6
  000000B7            00123 DMA2PR equ 0xB7
  000000B8            00124 DMA3PR equ 0xB8
  000000B9            00125 DMA4PR equ 0xB9
  000000BE            00126 MAINPR equ 0xBE
  000000BF            00127 ISRPR equ 0xBF
  000000C0            00128 DAC2DAT equ 0xC0
  000000C0            00129 DAC2DATL equ 0xC0
  000000C2            00130 DAC2CON equ 0xC2
  000000C3            00131 DAC3DAT equ 0xC3
  000000C3            00132 DAC3DATL equ 0xC3
  000000C5            00133 DAC3CON equ 0xC5
  000000D4            00134 CLCDATA equ 0xD4
  000000D5            00135 CLCSELECT equ 0xD5
  000000D6            00136 CLCNCON equ 0xD6
  000000D7            00137 CLCNPOL equ 0xD7
  000000D8            00138 CLCNSEL0 equ 0xD8
  000000D9            00139 CLCNSEL1 equ 0xD9
  000000DA            00140 CLCNSEL2 equ 0xDA
  000000DB            00141 CLCNSEL3 equ 0xDB
  000000DC            00142 CLCNGLS0 equ 0xDC
  000000DD            00143 CLCNGLS1 equ 0xDD
  000000DE            00144 CLCNGLS2 equ 0xDE
  000000DF            00145 CLCNGLS3 equ 0xDF
  000000E8            00146 DMASELECT equ 0xE8
  000000E9            00147 DMANBUF equ 0xE9
  000000EA            00148 DMANDCNTL equ 0xEA
  000000EB            00149 DMANDCNTH equ 0xEB
  000000EB            00150 DMANDCNTLH equ 0xEB
  000000EC            00151 DMANDPTRL equ 0xEC
  000000ED            00152 DMANDPTRH equ 0xED
  000000ED            00153 DMANDPTRLH equ 0xED
  000000EE            00154 DMANDSZL equ 0xEE
  000000EF            00155 DMANDSZH equ 0xEF
  000000EF            00156 DMANDSZLH equ 0xEF
  000000F0            00157 DMANDSAL equ 0xF0
  000000F1            00158 DMANDSAH equ 0xF1
  000000F1            00159 DMANDSAH equ 0xF1
  000000F2            00160 DMANSCNTL equ 0xF2
  000000F3            00161 DMANSCNTH equ 0xF3
  000000F3            00162 DMANSCNTLH equ 0xF3
  000000F4            00163 DMANSPTRL equ 0xF4
  000000F5            00164 DMANSPTRH equ 0xF5
  000000F5            00165 DMANSPTRLH equ 0xF5
  000000F6            00166 DMANSPTRU equ 0xF6
  000000F6            00167 DMANSPTRLHH equ 0xF6
  000004E8            00168 DMANSPTRLHHH equ 0X04E8
  000000F7            00169 DMANSSZL equ 0xF7
  000000F8            00170 DMANSSZH equ 0xF8
  000000F8            00171 DMANSSZLH equ 0xF8
  000000F9            00172 DMANSSAL equ 0xF9
  000000FA            00173 DMANSSAH equ 0xFA
  000000FA            00174 DMANSSALH equ 0xFA
  000000FB            00175 DMANSSAU equ 0xFB
  000000FB            00176 DMANSSALHH equ 0xFB
  000004E8            00177 DMANSSALHHH equ 0X04E8
  000000FC            00178 DMANCON0 equ 0xFC
  000000FD            00179 DMANCON1 equ 0xFD
  000000FE            00180 DMANAIRQ equ 0xFE
  000000FF            00181 DMANSIRQ equ 0xFF
                      00182 ; START OF SFR RAM BANK 1
  00000100            00183 PORTW equ 0X0100
  00000101            00184 LATW equ 0X0101
  00000102            00185 PORTWIN0 equ 0X0102
  00000103            00186 PORTWIN1 equ 0X0103
  00000104            00187 PORTWIN2 equ 0X0104
  00000105            00188 PORTWIN3 equ 0X0105
  00000106            00189 PORTWIN4 equ 0X0106
  00000107            00190 PORTWIN5 equ 0X0107
  00000108            00191 PORTWIN6 equ 0X0108
  00000109            00192 PORTWIN7 equ 0X0109
  0000010A            00193 PORTWCLK equ 0X010A
  0000010B            00194 PORTWDF equ 0X010B
  0000010C            00195 PORTWCON equ 0X010C
  00000110            00196 ADCGA equ 0X0110
  00000111            00197 ADCGB equ 0X0111
  00000112            00198 ADCGC equ 0X0112
  00000113            00199 ADCGD equ 0X0113
  00000114            00200 ADCGE equ 0X0114
  00000115            00201 ADCGF equ 0X0115
  0000011F            00202 OPA1CON0 equ 0X011F
  00000120            00203 OPA1CON1 equ 0X0120
  00000121            00204 OPA1CON2 equ 0X0121
  00000122            00205 OPA1CON3 equ 0X0122
  00000123            00206 OPA1CON4 equ 0X0123
  00000124            00207 OPA1HWC equ 0X0124
  00000125            00208 OPA1OFFSET equ 0X0125
  00000126            00209 OPA1ORS equ 0X0126
  00000127            00210 OPA2CON0 equ 0X0127
  00000128            00211 OPA2CON1 equ 0X0128
  00000129            00212 OPA2CON2 equ 0X0129
  0000012A            00213 OPA2CON3 equ 0X012A
  0000012B            00214 OPA2CON4 equ 0X012B
  0000012C            00215 OPA2HWC equ 0X012C
  0000012D            00216 OPA2OFFSET equ 0X012D
  0000012E            00217 OPA2ORS equ 0X012E
  00000140            00218 LATA equ 0X0140
  00000141            00219 LATB equ 0X0141
  00000142            00220 LATC equ 0X0142
  00000143            00221 LATD equ 0X0143
  00000144            00222 LATE equ 0X0144
  00000145            00223 LATF equ 0X0145
  00000148            00224 TRISA equ 0X0148
  00000149            00225 TRISB equ 0X0149
  0000014A            00226 TRISC equ 0X014A
  0000014B            00227 TRISD equ 0X014B
  0000014C            00228 TRISE equ 0X014C
  0000014D            00229 TRISF equ 0X014D
  00000150            00230 PORTA equ 0X0150
  00000151            00231 PORTB equ 0X0151
  00000152            00232 PORTC equ 0X0152
  00000153            00233 PORTD equ 0X0153
  00000154            00234 PORTE equ 0X0154
  00000155            00235 PORTF equ 0X0155
  000001C0            00236 APMCON equ 0X01C0
  000001C1            00237 APMPREL equ 0X01C1
  000001C2            00238 APMPREH equ 0X01C2
  000001C3            00239 APMPERL equ 0X01C3
  000001C4            00240 APMPERH equ 0X01C4
  000001C5            00241 APMSTART1L equ 0X01C5
  000001C6            00242 APMSTART1H equ 0X01C6
  000001C7            00243 APMPERS1L equ 0X01C7
  000001C8            00244 APMPERS1H equ 0X01C8
  000001C9            00245 APMSTART2L equ 0X01C9
  000001CA            00246 APMSTART2H equ 0X01CA
  000001CB            00247 APMSTART2U equ 0X01CB
  000001CC            00248 APMPERS2L equ 0X01CC
  000001CD            00249 APMPERS2H equ 0X01CD
  000001CE            00250 APMEND1L equ 0X01CE
  000001CF            00251 APMEND1H equ 0X01CF
  000001D0            00252 APMEND1U equ 0X01D0
  000001D1            00253 APMPERE1L equ 0X01D1
  000001D2            00254 APMPERE1H equ 0X01D2
  000001D3            00255 APMEND2L equ 0X01D3
  000001D4            00256 APMEND2H equ 0X01D4
  000001D5            00257 APMEND2U equ 0X01D5
  000001D6            00258 APMPERE2L equ 0X01D6
  000001D7            00259 APMPERE2H equ 0X01D7
  000001D8            00260 APMCLK equ 0X01D8
  000001D9            00261 APMSTATUSL equ 0X01D9
  000001DA            00262 APMSTATUSH equ 0X01DA
                      00263 ; START OF SFR RAM BANK 2
  00000200            00264 PPSLOCK equ 0X0200
  00000201            00265 RA0PPS equ 0X0201
  00000202            00266 RA1PPS equ 0X0202
  00000203            00267 RA2PPS equ 0X0203
  00000204            00268 RA3PPS equ 0X0204
  00000205            00269 RA4PPS equ 0X0205
  00000206            00270 RA5PPS equ 0X0206
  00000207            00271 RA6PPS equ 0X0207
  00000208            00272 RA7PPS equ 0X0208
  00000209            00273 RB0PPS equ 0X0209
  0000020A            00274 RB1PPS equ 0X020A
  0000020B            00275 RB2PPS equ 0X020B
  0000020C            00276 RB3PPS equ 0X020C
  0000020D            00277 RB4PPS equ 0X020D
  0000020E            00278 RB5PPS equ 0X020E
  0000020F            00279 RB6PPS equ 0X020F
  00000210            00280 RB7PPS equ 0X0210
  00000211            00281 RC0PPS equ 0X0211
  00000212            00282 RC1PPS equ 0X0212
  00000213            00283 RC2PPS equ 0X0213
  00000214            00284 RC3PPS equ 0X0214
  00000215            00285 RC4PPS equ 0X0215
  00000216            00286 RC5PPS equ 0X0216
  00000217            00287 RC6PPS equ 0X0217
  00000218            00288 RC7PPS equ 0X0218
  00000219            00289 RD0PPS equ 0X0219
  0000021A            00290 RD1PPS equ 0X021A
  0000021B            00291 RD2PPS equ 0X021B
  0000021C            00292 RD3PPS equ 0X021C
  0000021D            00293 RD4PPS equ 0X021D
  0000021E            00294 RD5PPS equ 0X021E
  0000021F            00295 RD6PPS equ 0X021F
  00000220            00296 RD7PPS equ 0X0220
  00000221            00297 RE0PPS equ 0X0221
  00000222            00298 RE1PPS equ 0X0222
  00000223            00299 RE2PPS equ 0X0223
  00000225            00300 RF0PPS equ 0X0225
  00000226            00301 RF1PPS equ 0X0226
  00000227            00302 RF2PPS equ 0X0227
  00000228            00303 RF3PPS equ 0X0228
  00000229            00304 RF4PPS equ 0X0229
  0000022A            00305 RF5PPS equ 0X022A
  0000022B            00306 RF6PPS equ 0X022B
  0000022C            00307 RF7PPS equ 0X022C
  0000023E            00308 INT0PPS equ 0X023E
  0000023F            00309 INT1PPS equ 0X023F
  00000240            00310 INT2PPS equ 0X0240
  00000241            00311 T0CKIPPS equ 0X0241
  00000242            00312 T1CKIPPS equ 0X0242
  00000243            00313 T1GPPS equ 0X0243
  00000244            00314 T3CKIPPS equ 0X0244
  00000245            00315 T3GPPS equ 0X0245
  00000248            00316 T2INPPS equ 0X0248
  00000249            00317 T4INPPS equ 0X0249
  0000024F            00318 CCP1PPS equ 0X024F
  00000250            00319 CCP2PPS equ 0X0250
  00000251            00320 PWM1ERSPPS equ 0X0251
  00000252            00321 PWM2ERSPPS equ 0X0252
  00000253            00322 PWM3ERSPPS equ 0X0253
  00000257            00323 PWMIN0PPS equ 0X0257
  00000258            00324 PWMIN1PPS equ 0X0258
  0000025B            00325 CWG1PPS equ 0X025B
  0000025B            00326 CWG1INPPS equ 0X025B
  00000261            00327 CLCIN0PPS equ 0X0261
  00000262            00328 CLCIN1PPS equ 0X0262
  00000263            00329 CLCIN2PPS equ 0X0263
  00000264            00330 CLCIN3PPS equ 0X0264
  00000265            00331 CLCIN4PPS equ 0X0265
  00000266            00332 CLCIN5PPS equ 0X0266
  00000267            00333 CLCIN6PPS equ 0X0267
  00000268            00334 CLCIN7PPS equ 0X0268
  00000269            00335 ADACTPPS equ 0X0269
  0000026A            00336 SPI1SCKPPS equ 0X026A
  0000026B            00337 SPI1SDIPPS equ 0X026B
  0000026C            00338 SPI1SSPPS equ 0X026C
  00000270            00339 I2C1SDAPPS equ 0X0270
  00000271            00340 I2C1SCLPPS equ 0X0271
  00000272            00341 U1RXPPS equ 0X0272
  00000273            00342 U1CTSPPS equ 0X0273
  00000274            00343 U2RXPPS equ 0X0274
  00000275            00344 U2CTSPPS equ 0X0275
  00000276            00345 OPA1ORPPS equ 0X0276
  00000277            00346 OPA2ORPPS equ 0X0277
  00000278            00347 TUIN0PPS equ 0X0278
  00000279            00348 TUIN1PPS equ 0X0279
  0000027A            00349 APMCLKPPS equ 0X027A
  00000285            00350 RB2I2C equ 0X0285
  00000286            00351 RB1I2C equ 0X0286
  00000287            00352 RC4I2C equ 0X0287
  00000288            00353 RC3I2C equ 0X0288
  00000289            00354 I2C1RXB equ 0X0289
  0000028A            00355 I2C1TXB equ 0X028A
  0000028B            00356 I2C1CNTL equ 0X028B
  0000028C            00357 I2C1CNTH equ 0X028C
  0000028C            00358 I2C1CNTLH equ 0X028C
  0000028D            00359 I2C1ADB0 equ 0X028D
  0000028E            00360 I2C1ADB1 equ 0X028E
  0000028F            00361 I2C1ADR0 equ 0X028F
  00000290            00362 I2C1ADR1 equ 0X0290
  00000291            00363 I2C1ADR2 equ 0X0291
  00000292            00364 I2C1ADR3 equ 0X0292
  00000293            00365 I2C1CON0 equ 0X0293
  00000294            00366 I2C1CON1 equ 0X0294
  00000295            00367 I2C1CON2 equ 0X0295
  00000296            00368 I2C1CON3 equ 0X0296
  00000297            00369 I2C1ERR equ 0X0297
  00000298            00370 I2C1STAT0 equ 0X0298
  00000299            00371 I2C1STAT1 equ 0X0299
  0000029A            00372 I2C1PIR equ 0X029A
  0000029B            00373 I2C1PIE equ 0X029B
  0000029C            00374 I2C1BTO equ 0X029C
  0000029D            00375 I2C1BAUD equ 0X029D
  0000029E            00376 I2C1CLK equ 0X029E
  0000029F            00377 I2C1BTOC equ 0X029F
  000002A0            00378 U1RXB equ 0X02A0
  000002A0            00379 U1RXBL equ 0X02A0
  000002A1            00380 U1RXCHK equ 0X02A1
  000002A2            00381 U1TXB equ 0X02A2
  000002A2            00382 U1TXBL equ 0X02A2
  000002A3            00383 U1TXCHK equ 0X02A3
  000002A4            00384 U1P1L equ 0X02A4
  000002A5            00385 U1P1H equ 0X02A5
  000002A5            00386 U1P1LH equ 0X02A5
  000002A6            00387 U1P2L equ 0X02A6
  000002A7            00388 U1P2H equ 0X02A7
  000002A7            00389 U1P2LH equ 0X02A7
  000002A8            00390 U1P3L equ 0X02A8
  000002A9            00391 U1P3H equ 0X02A9
  000002A9            00392 U1P3LH equ 0X02A9
  000002AA            00393 U1CON0 equ 0X02AA
  000002AB            00394 U1CON1 equ 0X02AB
  000002AC            00395 U1CON2 equ 0X02AC
  000002AD            00396 U1BRGL equ 0X02AD
  000002AE            00397 U1BRGH equ 0X02AE
  000002AE            00398 U1BRGLH equ 0X02AE
  000002AF            00399 U1FIFO equ 0X02AF
  000002B0            00400 U1UIR equ 0X02B0
  000002B1            00401 U1ERRIR equ 0X02B1
  000002B2            00402 U1ERRIE equ 0X02B2
  000002B4            00403 U2RXB equ 0X02B4
  000002B4            00404 U2RXBL equ 0X02B4
  000002B6            00405 U2TXB equ 0X02B6
  000002B6            00406 U2TXBL equ 0X02B6
  000002B8            00407 U2P1 equ 0X02B8
  000002B8            00408 U2P1L equ 0X02B8
  000002BA            00409 U2P2 equ 0X02BA
  000002BA            00410 U2P2L equ 0X02BA
  000002BC            00411 U2P3 equ 0X02BC
  000002BC            00412 U2P3L equ 0X02BC
  000002BE            00413 U2CON0 equ 0X02BE
  000002BF            00414 U2CON1 equ 0X02BF
  000002C0            00415 U2CON2 equ 0X02C0
  000002C1            00416 U2BRGL equ 0X02C1
  000002C2            00417 U2BRGH equ 0X02C2
  000002C2            00418 U2BRGLH equ 0X02C2
  000002C3            00419 U2FIFO equ 0X02C3
  000002C4            00420 U2UIR equ 0X02C4
  000002C5            00421 U2ERRIR equ 0X02C5
  000002C6            00422 U2ERRIE equ 0X02C6
  00000312            00423 TMR1L equ 0X0312
  00000313            00424 TMR1H equ 0X0313
  00000313            00425 TMR1LH equ 0X0313
  00000314            00426 T1CON equ 0X0314
  00000314            00427 TMR1CON equ 0X0314
  00000315            00428 T1GCON equ 0X0315
  00000315            00429 TMR1GCON equ 0X0315
  00000316            00430 T1GATE equ 0X0316
  00000316            00431 TMR1GATE equ 0X0316
  00000317            00432 T1CLK equ 0X0317
  00000317            00433 TMR1CLK equ 0X0317
  00000317            00434 PR1 equ 0X0317
  00000318            00435 TMR0L equ 0X0318
  00000318            00436 TMR0 equ 0X0318
  00000319            00437 TMR0H equ 0X0319
  00000319            00438 TMR0LH equ 0X0319
  00000319            00439 PR0 equ 0X0319
  0000031A            00440 T0CON0 equ 0X031A
  0000031B            00441 T0CON1 equ 0X031B
  0000031D            00442 T2TMR equ 0X031D
  0000031D            00443 TMR2 equ 0X031D
  0000031E            00444 T2PR equ 0X031E
  0000031E            00445 PR2 equ 0X031E
  0000031F            00446 T2CON equ 0X031F
  00000320            00447 T2HLT equ 0X0320
  00000321            00448 T2CLKCON equ 0X0321
  00000321            00449 T2CLK equ 0X0321
  00000322            00450 T2RST equ 0X0322
  00000323            00451 TMR3L equ 0X0323
  00000324            00452 TMR3H equ 0X0324
  00000324            00453 TMR3LH equ 0X0324
  00000325            00454 T3CON equ 0X0325
  00000325            00455 TMR3CON equ 0X0325
  00000326            00456 T3GCON equ 0X0326
  00000326            00457 TMR3GCON equ 0X0326
  00000327            00458 T3GATE equ 0X0327
  00000327            00459 TMR3GATE equ 0X0327
  00000328            00460 T3CLK equ 0X0328
  00000328            00461 TMR3CLK equ 0X0328
  00000328            00462 PR3 equ 0X0328
  0000032A            00463 T4TMR equ 0X032A
  0000032A            00464 TMR4 equ 0X032A
  0000032B            00465 T4PR equ 0X032B
  0000032B            00466 PR4 equ 0X032B
  0000032C            00467 T4CON equ 0X032C
  0000032D            00468 T4HLT equ 0X032D
  0000032E            00469 T4CLKCON equ 0X032E
  0000032E            00470 T4CLK equ 0X032E
  0000032F            00471 T4RST equ 0X032F
  00000340            00472 CCPR1L equ 0X0340
  00000341            00473 CCPR1H equ 0X0341
  00000341            00474 CCPR1LH equ 0X0341
  00000342            00475 CCP1CON equ 0X0342
  00000343            00476 CCP1CAP equ 0X0343
  00000344            00477 CCPR2L equ 0X0344
  00000345            00478 CCPR2H equ 0X0345
  00000345            00479 CCPR2LH equ 0X0345
  00000346            00480 CCP2CON equ 0X0346
  00000347            00481 CCP2CAP equ 0X0347
  0000034C            00482 CCPTMRS0 equ 0X034C
  0000034E            00483 CRCDATAL equ 0X034E
  0000034F            00484 CRCDATAH equ 0X034F
  0000034F            00485 CRCDATALH equ 0X034F
  00000350            00486 CRCDATAU equ 0X0350
  00000350            00487 CRCDATALHH equ 0X0350
  00000351            00488 CRCDATAT equ 0X0351
  00000352            00489 CRCOUTL equ 0X0352
  00000352            00490 CRCSHFTL equ 0X0352
  00000352            00491 CRCSHIFTL equ 0X0352
  00000352            00492 CRCXORL equ 0X0352
  00000353            00493 CRCOUTH equ 0X0353
  00000353            00494 CRCOUTLH equ 0X0353
  00000353            00495 CRCSHFTH equ 0X0353
  00000353            00496 CRCSHFTLH equ 0X0353
  00000353            00497 CRCSHIFTH equ 0X0353
  00000353            00498 CRCSHIFTLH equ 0X0353
  00000353            00499 CRCXORH equ 0X0353
  00000353            00500 CRCXORLH equ 0X0353
  00000354            00501 CRCOUTU equ 0X0354
  00000354            00502 CRCOUTLHH equ 0X0354
  00000354            00503 CRCSHFTU equ 0X0354
  00000354            00504 CRCSHFTLHH equ 0X0354
  00000354            00505 CRCSHIFTU equ 0X0354
  00000354            00506 CRCSHIFTLHH equ 0X0354
  00000354            00507 CRCXORU equ 0X0354
  00000354            00508 CRCXORLHH equ 0X0354
  00000355            00509 CRCOUTT equ 0X0355
  00000355            00510 CRCSHFTT equ 0X0355
  00000355            00511 CRCSHIFTT equ 0X0355
  00000355            00512 CRCXORT equ 0X0355
  00000356            00513 CRCCON0 equ 0X0356
  00000357            00514 CRCCON1 equ 0X0357
  00000358            00515 CRCCON2 equ 0X0358
  0000035A            00516 SCANLADRL equ 0X035A
  0000035B            00517 SCANLADRH equ 0X035B
  0000035B            00518 SCANLADRLH equ 0X035B
  0000035C            00519 SCANLADRU equ 0X035C
  0000035C            00520 SCANLADRLHH equ 0X035C
  000004E8            00521 SCANLADRLHHH equ 0X04E8
  0000035D            00522 SCANHADRL equ 0X035D
  0000035E            00523 SCANHADRH equ 0X035E
  0000035E            00524 SCANHADRLH equ 0X035E
  0000035F            00525 SCANHADRU equ 0X035F
  0000035F            00526 SCANHADRLHH equ 0X035F
  000004E8            00527 SCANHADRLHHH equ 0X04E8
  00000360            00528 SCANCON0 equ 0X0360
  00000361            00529 SCANTRIG equ 0X0361
  00000373            00530 STATUS_CSHAD equ 0X0373
  00000374            00531 WREG_CSHAD equ 0X0374
  00000375            00532 BSR_CSHAD equ 0X0375
  00000376            00533 SHADCON equ 0X0376
  00000377            00534 STATUS_SHAD equ 0X0377
  00000378            00535 WREG_SHAD equ 0X0378
  00000379            00536 BSR_SHAD equ 0X0379
  0000037A            00537 PCLATH_SHAD equ 0X037A
  0000037A            00538 PCLATLH_SHAD equ 0X037A
  0000037B            00539 PCLATU_SHAD equ 0X037B
  0000037B            00540 PCLATHH_SHAD equ 0X037B
  000004E8            00541 PCLATHHH equ 0X04E8
  0000037C            00542 FSR0L_SHAD equ 0X037C
  0000037D            00543 FSR0H_SHAD equ 0X037D
  0000037D            00544 FSR0LH_SHAD equ 0X037D
  0000037E            00545 FSR1L_SHAD equ 0X037E
  0000037F            00546 FSR1H_SHAD equ 0X037F
  0000037F            00547 FSR1LH_SHAD equ 0X037F
  00000380            00548 FSR2L_SHAD equ 0X0380
  00000381            00549 FSR2H_SHAD equ 0X0381
  00000381            00550 FSR2LH_SHAD equ 0X0381
  00000382            00551 PRODL_SHAD equ 0X0382
  00000383            00552 PRODH_SHAD equ 0X0383
  00000383            00553 PRODLH_SHAD equ 0X0383
  000003A0            00554 TU16ACON0 equ 0X03A0
  000003A1            00555 TU16ACON1 equ 0X03A1
  000003A2            00556 TU16AHLT equ 0X03A2
  000003A3            00557 TU16APS equ 0X03A3
  000003A4            00558 TU16ATMRL equ 0X03A4
  000003A4            00559 TU16ACRL equ 0X03A4
  000003A5            00560 TU16ATMRH equ 0X03A5
  000003A5            00561 TU16ACRH equ 0X03A5
  000003A6            00562 TU16APRL equ 0X03A6
  000003A7            00563 TU16APRH equ 0X03A7
  000003A8            00564 TU16ACLK equ 0X03A8
  000003A9            00565 TU16AERS equ 0X03A9
  000003AA            00566 TU16BCON0 equ 0X03AA
  000003AB            00567 TU16BCON1 equ 0X03AB
  000003AC            00568 TU16BHLT equ 0X03AC
  000003AD            00569 TU16BPS equ 0X03AD
  000003AE            00570 TU16BTMRL equ 0X03AE
  000003AE            00571 TU16BCRL equ 0X03AE
  000003AF            00572 TU16BTMRH equ 0X03AF
  000003AF            00573 TU16BCRH equ 0X03AF
  000003B0            00574 TU16BPRL equ 0X03B0
  000003B1            00575 TU16BPRH equ 0X03B1
  000003B2            00576 TU16BCLK equ 0X03B2
  000003B3            00577 TU16BERS equ 0X03B3
  000003B4            00578 TUCHAIN equ 0X03B4
  000003BC            00579 CWG1CLK equ 0X03BC
  000003BC            00580 CWG1CLKCON equ 0X03BC
  000003BD            00581 CWG1ISM equ 0X03BD
  000003BD            00582 CWG1DAT equ 0X03BD
  000003BE            00583 CWG1DBR equ 0X03BE
  000003BF            00584 CWG1DBF equ 0X03BF
  000003C0            00585 CWG1CON0 equ 0X03C0
  000003C1            00586 CWG1CON1 equ 0X03C1
  000003C2            00587 CWG1AS0 equ 0X03C2
  000003C3            00588 CWG1AS1 equ 0X03C3
  000003C4            00589 CWG1STR equ 0X03C4
  000003D7            00590 FVRCON equ 0X03D7
  000003D8            00591 ADCPCON equ 0X03D8
  000003D8            00592 ADCP equ 0X03D8
  000003D9            00593 ADLTHL equ 0X03D9
  000003DA            00594 ADLTHH equ 0X03DA
  000003DA            00595 ADLTHLH equ 0X03DA
  000003DB            00596 ADUTHL equ 0X03DB
  000003DC            00597 ADUTHH equ 0X03DC
  000003DC            00598 ADUTHLH equ 0X03DC
  000003DD            00599 ADERRL equ 0X03DD
  000003DE            00600 ADERRH equ 0X03DE
  000003DE            00601 ADERRLH equ 0X03DE
  000003DF            00602 ADSTPTL equ 0X03DF
  000003E0            00603 ADSTPTH equ 0X03E0
  000003E0            00604 ADSTPTLH equ 0X03E0
  000003E1            00605 ADFLTRL equ 0X03E1
  000003E2            00606 ADFLTRH equ 0X03E2
  000003E2            00607 ADFLTRLH equ 0X03E2
  000003E3            00608 ADACCL equ 0X03E3
  000003E4            00609 ADACCH equ 0X03E4
  000003E4            00610 ADACCLH equ 0X03E4
  000003E5            00611 ADACCU equ 0X03E5
  000003E5            00612 ADACCLHH equ 0X03E5
  000004E8            00613 ADACCLHHH equ 0X04E8
  000003E6            00614 ADCNT equ 0X03E6
  000003E7            00615 ADRPT equ 0X03E7
  000003E8            00616 ADPREVL equ 0X03E8
  000003E9            00617 ADPREVH equ 0X03E9
  000003E9            00618 ADPREVLH equ 0X03E9
  000003EA            00619 ADRESL equ 0X03EA
  000003EB            00620 ADRESH equ 0X03EB
  000003EB            00621 ADRESLH equ 0X03EB
  000003EC            00622 ADPCH equ 0X03EC
  000003ED            00623 ADNCH equ 0X03ED
  000003EE            00624 ADACQL equ 0X03EE
  000003EF            00625 ADACQH equ 0X03EF
  000003EF            00626 ADACQLH equ 0X03EF
  000003F0            00627 ADCAP equ 0X03F0
  000003F1            00628 ADPREL equ 0X03F1
  000003F2            00629 ADPREH equ 0X03F2
  000003F2            00630 ADPRELH equ 0X03F2
  000003F3            00631 ADCON0 equ 0X03F3
  000003F4            00632 ADCON1 equ 0X03F4
  000003F5            00633 ADCON2 equ 0X03F5
  000003F6            00634 ADCON3 equ 0X03F6
  000003F7            00635 ADSTAT equ 0X03F7
  000003F8            00636 ADREF equ 0X03F8
  000003F9            00637 ADACT equ 0X03F9
  000003FA            00638 ADCLK equ 0X03FA
  000003FB            00639 ADCTX equ 0X03FB
  000003FC            00640 ADCSEL1 equ 0X03FC
  000003FD            00641 ADCSEL2 equ 0X03FD
  000003FE            00642 ADCSEL3 equ 0X03FE
  000003FF            00643 ADCSEL4 equ 0X03FF
                      00644 ; START OF SFR RAM BANK 4
  00000400            00645 ANSELA equ 0X0400
  00000401            00646 WPUA equ 0X0401
  00000402            00647 ODCONA equ 0X0402
  00000403            00648 SLRCONA equ 0X0403
  00000404            00649 INLVLA equ 0X0404
  00000405            00650 IOCAP equ 0X0405
  00000406            00651 IOCAN equ 0X0406
  00000407            00652 IOCAF equ 0X0407
  00000408            00653 ANSELB equ 0X0408
  00000409            00654 WPUB equ 0X0409
  0000040A            00655 ODCONB equ 0X040A
  0000040B            00656 SLRCONB equ 0X040B
  0000040C            00657 INLVLB equ 0X040C
  0000040D            00658 IOCBP equ 0X040D
  0000040E            00659 IOCBN equ 0X040E
  0000040F            00660 IOCBF equ 0X040F
  00000410            00661 ANSELC equ 0X0410
  00000411            00662 WPUC equ 0X0411
  00000412            00663 ODCONC equ 0X0412
  00000413            00664 SLRCONC equ 0X0413
  00000414            00665 INLVLC equ 0X0414
  00000415            00666 IOCCP equ 0X0415
  00000416            00667 IOCCN equ 0X0416
  00000417            00668 IOCCF equ 0X0417
  00000418            00669 ANSELD equ 0X0418
  00000419            00670 WPUD equ 0X0419
  0000041A            00671 ODCOND equ 0X041A
  0000041B            00672 SLRCOND equ 0X041B
  0000041C            00673 INLVLD equ 0X041C
  00000420            00674 ANSELE equ 0X0420
  00000421            00675 WPUE equ 0X0421
  00000422            00676 ODCONE equ 0X0422
  00000423            00677 SLRCONE equ 0X0423
  00000424            00678 INLVLE equ 0X0424
  00000425            00679 IOCEP equ 0X0425
  00000426            00680 IOCEN equ 0X0426
  00000427            00681 IOCEF equ 0X0427
  00000428            00682 ANSELF equ 0X0428
  00000429            00683 WPUF equ 0X0429
  0000042A            00684 ODCONF equ 0X042A
  0000042B            00685 SLRCONF equ 0X042B
  0000042C            00686 INLVLF equ 0X042C
  0000043D            00687 IOCWP equ 0X043D
  0000043E            00688 IOCWN equ 0X043E
  0000043F            00689 IOCWF equ 0X043F
  00000440            00690 NCO1ACCL equ 0X0440
  00000441            00691 NCO1ACCH equ 0X0441
  00000441            00692 NCO1ACCLH equ 0X0441
  00000442            00693 NCO1ACCU equ 0X0442
  00000442            00694 NCO1ACCLHH equ 0X0442
  000004E8            00695 NCO1ACCLHHH equ 0X04E8
  00000443            00696 NCO1INCL equ 0X0443
  00000444            00697 NCO1INCH equ 0X0444
  00000444            00698 NCO1INCLH equ 0X0444
  00000445            00699 NCO1INCU equ 0X0445
  00000445            00700 NCO1INCLHH equ 0X0445
  000004E8            00701 NCO1INCLHHH equ 0X04E8
  00000446            00702 NCO1CON equ 0X0446
  00000447            00703 NCO1CLK equ 0X0447
  00000458            00704 FSCMCON equ 0X0458
  00000459            00705 IVTLOCK equ 0X0459
  0000045A            00706 IVTADL equ 0X045A
  0000045B            00707 IVTADH equ 0X045B
  0000045B            00708 IVTADLH equ 0X045B
  0000045C            00709 IVTADU equ 0X045C
  0000045C            00710 IVTADLHH equ 0X045C
  000004E8            00711 IVTADLHHH equ 0X04E8
  0000045D            00712 IVTBASEL equ 0X045D
  0000045E            00713 IVTBASEH equ 0X045E
  0000045E            00714 IVTBASELH equ 0X045E
  0000045F            00715 IVTBASEU equ 0X045F
  0000045F            00716 IVTBASELHH equ 0X045F
  000004E8            00717 IVTBASELHHH equ 0X04E8
                      00718 ; START OF Access SFRS
  00000460            00719 PWM1ERS equ 0X0460
  00000461            00720 PWM1CLK equ 0X0461
  00000462            00721 PWM1LDS equ 0X0462
  00000463            00722 PWM1PRL equ 0X0463
  00000464            00723 PWM1PRH equ 0X0464
  00000464            00724 PWM1PRLH equ 0X0464
  00000465            00725 PWM1CPRE equ 0X0465
  00000466            00726 PWM1PIPOS equ 0X0466
  00000467            00727 PWM1GIR equ 0X0467
  00000468            00728 PWM1GIE equ 0X0468
  00000469            00729 PWM1CON equ 0X0469
  0000046A            00730 PWM1S1CFG equ 0X046A
  0000046B            00731 PWM1S1P1L equ 0X046B
  0000046C            00732 PWM1S1P1H equ 0X046C
  0000046C            00733 PWM1S1P1LH equ 0X046C
  0000046D            00734 PWM1S1P2L equ 0X046D
  0000046E            00735 PWM1S1P2H equ 0X046E
  0000046E            00736 PWM1S1P2LH equ 0X046E
  0000046F            00737 PWM2ERS equ 0X046F
  00000470            00738 PWM2CLK equ 0X0470
  00000471            00739 PWM2LDS equ 0X0471
  00000472            00740 PWM2PRL equ 0X0472
  00000473            00741 PWM2PRH equ 0X0473
  00000473            00742 PWM2PRLH equ 0X0473
  00000474            00743 PWM2CPRE equ 0X0474
  00000475            00744 PWM2PIPOS equ 0X0475
  00000476            00745 PWM2GIR equ 0X0476
  00000477            00746 PWM2GIE equ 0X0477
  00000478            00747 PWM2CON equ 0X0478
  00000479            00748 PWM2S1CFG equ 0X0479
  0000047A            00749 PWM2S1P1L equ 0X047A
  0000047B            00750 PWM2S1P1H equ 0X047B
  0000047B            00751 PWM2S1P1LH equ 0X047B
  0000047C            00752 PWM2S1P2L equ 0X047C
  0000047D            00753 PWM2S1P2H equ 0X047D
  0000047D            00754 PWM2S1P2LH equ 0X047D
  0000047E            00755 PWM3ERS equ 0X047E
  0000047F            00756 PWM3CLK equ 0X047F
  00000480            00757 PWM3LDS equ 0X0480
  00000481            00758 PWM3PRL equ 0X0481
  00000482            00759 PWM3PRH equ 0X0482
  00000482            00760 PWM3PRLH equ 0X0482
  00000483            00761 PWM3CPRE equ 0X0483
  00000484            00762 PWM3PIPOS equ 0X0484
  00000485            00763 PWM3GIR equ 0X0485
  00000486            00764 PWM3GIE equ 0X0486
  00000487            00765 PWM3CON equ 0X0487
  00000488            00766 PWM3S1CFG equ 0X0488
  00000489            00767 PWM3S1P1L equ 0X0489
  0000048A            00768 PWM3S1P1H equ 0X048A
  0000048A            00769 PWM3S1P1LH equ 0X048A
  0000048B            00770 PWM3S1P2L equ 0X048B
  0000048C            00771 PWM3S1P2H equ 0X048C
  0000048C            00772 PWM3S1P2LH equ 0X048C
  00000499            00773 PWMLOAD equ 0X0499
  0000049A            00774 PWMEN equ 0X049A
  0000049C            00775 IPR0 equ 0X049C
  0000049D            00776 IPR1 equ 0X049D
  0000049E            00777 IPR2 equ 0X049E
  0000049F            00778 IPR3 equ 0X049F
  000004A0            00779 IPR4 equ 0X04A0
  000004A1            00780 IPR5 equ 0X04A1
  000004A2            00781 IPR6 equ 0X04A2
  000004A3            00782 IPR7 equ 0X04A3
  000004A4            00783 IPR8 equ 0X04A4
  000004A5            00784 IPR9 equ 0X04A5
  000004A6            00785 IPR10 equ 0X04A6
  000004A7            00786 PIE0 equ 0X04A7
  000004A8            00787 PIE1 equ 0X04A8
  000004A9            00788 PIE2 equ 0X04A9
  000004AA            00789 PIE3 equ 0X04AA
  000004AB            00790 PIE4 equ 0X04AB
  000004AC            00791 PIE5 equ 0X04AC
  000004AD            00792 PIE6 equ 0X04AD
  000004AE            00793 PIE7 equ 0X04AE
  000004AF            00794 PIE8 equ 0X04AF
  000004B0            00795 PIE9 equ 0X04B0
  000004B1            00796 PIE10 equ 0X04B1
  000004B2            00797 PIR0 equ 0X04B2
  000004B3            00798 PIR1 equ 0X04B3
  000004B4            00799 PIR2 equ 0X04B4
  000004B5            00800 PIR3 equ 0X04B5
  000004B6            00801 PIR4 equ 0X04B6
  000004B7            00802 PIR5 equ 0X04B7
  000004B8            00803 PIR6 equ 0X04B8
  000004B9            00804 PIR7 equ 0X04B9
  000004BA            00805 PIR8 equ 0X04BA
  000004BB            00806 PIR9 equ 0X04BB
  000004BC            00807 PIR10 equ 0X04BC
  000004D6            00808 INTCON0 equ 0X04D6
  000004D7            00809 INTCON1 equ 0X04D7
  000004D8            00810 STATUS equ 0X04D8
  000004D9            00811 FSR2L equ 0X04D9
  000004DA            00812 FSR2H equ 0X04DA
  000004DA            00813 FSR2LH equ 0X04DA
  000004DB            00814 PLUSW2 equ 0X04DB
  000004DC            00815 PREINC2 equ 0X04DC
  000004DD            00816 POSTDEC2 equ 0X04DD
  000004DE            00817 POSTINC2 equ 0X04DE
  000004DF            00818 INDF2 equ 0X04DF
  000004E0            00819 BSR equ 0X04E0
  000004E1            00820 FSR1L equ 0X04E1
  000004E2            00821 FSR1H equ 0X04E2
  000004E2            00822 FSR1LH equ 0X04E2
  000004E3            00823 PLUSW1 equ 0X04E3
  000004E4            00824 PREINC1 equ 0X04E4
  000004E5            00825 POSTDEC1 equ 0X04E5
  000004E6            00826 POSTINC1 equ 0X04E6
  000004E7            00827 INDF1 equ 0X04E7
  000004E8            00828 WREG equ 0X04E8
  000004E9            00829 FSR0L equ 0X04E9
  000004EA            00830 FSR0H equ 0X04EA
  000004EA            00831 FSR0LH equ 0X04EA
  000004EB            00832 PLUSW0 equ 0X04EB
  000004EC            00833 PREINC0 equ 0X04EC
  000004ED            00834 POSTDEC0 equ 0X04ED
  000004EE            00835 POSTINC0 equ 0X04EE
  000004EF            00836 INDF0 equ 0X04EF
  000004F0            00837 PCON0 equ 0X04F0
  000004F1            00838 PCON1 equ 0X04F1
  000004F2            00839 CPUDOZE equ 0X04F2
  000004F3            00840 PRODL equ 0X04F3
  000004F4            00841 PRODH equ 0X04F4
  000004F4            00842 PRODLH equ 0X04F4
  000004F5            00843 TABLAT equ 0X04F5
  000004F6            00844 TBLPTRL equ 0X04F6
  000004F7            00845 TBLPTRH equ 0X04F7
  000004F7            00846 TBLPTRLH equ 0X04F7
  000004F8            00847 TBLPTRU equ 0X04F8
  000004F8            00848 TBLPTRLHH equ 0X04F8
  000004E8            00849 TBLPTRLHHH equ 0X04E8
  000004F9            00850 PCL equ 0X04F9
  000004FA            00851 PCLATH equ 0X04FA
  000004FA            00852 PCLATLH equ 0X04FA
  000004FB            00853 PCLATU equ 0X04FB
  000004FB            00854 PCLATHH equ 0X04FB
  000004E8            00855 PCLATHHH equ 0X04E8
  000004FC            00856 STKPTR equ 0X04FC
  000004FD            00857 TOSL equ 0X04FD
  000004FE            00858 TOSH equ 0X04FE
  000004FE            00859 TOSLH equ 0X04FE
  000004FF            00860 TOSU equ 0X04FF
  000004FF            00861 TOSLHH equ 0X04FF
  000004E8            00862 TOSLHHH equ 0X04E8
                      00863 ; I2C PINS USED BY HBusin And HBusout
  0000014A            00864 _I2C_SDA_port = TRISC
  00000004            00865 _I2C_SDA_pin = 4
  0000014A            00866 _I2C_SCL_port = TRISC
  00000003            00867 _I2C_SCL_pin = 3
                      00868 ; SFR BITS USED INTERNALLY BY THE COMPILER
  00000000            00869 C=0
  00000001            00870 DC=1
  00000002            00871 Z=2
  00000003            00872 OV=3
  00000004            00873 N=4
  00000005            00874 PD=5
  00000006            00875 To=6
  00000000            00876 PP_GO=0
  00000007            00877 PP_WRERR=7
  00000004            00878 PP_RDY=4
  00000007            00879 PP_SEN=7
  00000000            00880 PP_RD0=0
  00000001            00881 PP_RD1=1
  00000002            00882 PP_RD2=2
  00000003            00883 PP_RD3=3
  00000004            00884 PP_RD4=4
  00000005            00885 PP_RD5=5
  00000006            00886 PP_RD6=6
  00000007            00887 PP_RD7=7
  00000000            00888 PP_RD0PPS0=0
  00000001            00889 PP_RD0PPS1=1
  00000002            00890 PP_RD0PPS2=2
  00000003            00891 PP_RD0PPS3=3
  00000004            00892 PP_RD0PPS4=4
  00000005            00893 PP_RD0PPS5=5
  00000000            00894 PP_RD1PPS0=0
  00000001            00895 PP_RD1PPS1=1
  00000002            00896 PP_RD1PPS2=2
  00000003            00897 PP_RD1PPS3=3
  00000004            00898 PP_RD1PPS4=4
  00000005            00899 PP_RD1PPS5=5
  00000000            00900 PP_RD2PPS0=0
  00000001            00901 PP_RD2PPS1=1
  00000002            00902 PP_RD2PPS2=2
  00000003            00903 PP_RD2PPS3=3
  00000004            00904 PP_RD2PPS4=4
  00000005            00905 PP_RD2PPS5=5
  00000000            00906 PP_RD3PPS0=0
  00000001            00907 PP_RD3PPS1=1
  00000002            00908 PP_RD3PPS2=2
  00000003            00909 PP_RD3PPS3=3
  00000004            00910 PP_RD3PPS4=4
  00000005            00911 PP_RD3PPS5=5
  00000000            00912 PP_RD4PPS0=0
  00000001            00913 PP_RD4PPS1=1
  00000002            00914 PP_RD4PPS2=2
  00000003            00915 PP_RD4PPS3=3
  00000004            00916 PP_RD4PPS4=4
  00000005            00917 PP_RD4PPS5=5
  00000000            00918 PP_RD5PPS0=0
  00000001            00919 PP_RD5PPS1=1
  00000002            00920 PP_RD5PPS2=2
  00000003            00921 PP_RD5PPS3=3
  00000004            00922 PP_RD5PPS4=4
  00000005            00923 PP_RD5PPS5=5
  00000000            00924 PP_RD6PPS0=0
  00000001            00925 PP_RD6PPS1=1
  00000002            00926 PP_RD6PPS2=2
  00000003            00927 PP_RD6PPS3=3
  00000004            00928 PP_RD6PPS4=4
  00000005            00929 PP_RD6PPS5=5
  00000000            00930 PP_RD7PPS0=0
  00000001            00931 PP_RD7PPS1=1
  00000002            00932 PP_RD7PPS2=2
  00000003            00933 PP_RD7PPS3=3
  00000004            00934 PP_RD7PPS4=4
  00000005            00935 PP_RD7PPS5=5
  00000006            00936 PP_RSEN=6
  00000006            00937 PP_ACKDT=6
  00000004            00938 PP_WRIF=4
  00000004            00939 PP_WR1IF=4
  00000004            00940 PP_WRIE=4
  00000004            00941 PP_WR1IE=4
  00000000            00942 PP_SENDB=0
  00000001            00943 PP_RXBE=1
  00000001            00944 PP_RXFOIF=1
  00000001            00945 PP_RD16=1
  00000001            00946 PP_RD161=1
  00000004            00947 PP_T2CKPS0=4
  00000005            00948 PP_T2CKPS1=5
  00000006            00949 PP_T2CKPS2=6
  00000007            00950 PP_TMR2ON=7
  00000001            00951 PP_RD163=1
  00000007            00952 PP_TMR4ON=7
  00000000            00953 PP_C1TSEL0=0
  00000001            00954 PP_C1TSEL1=1
  00000002            00955 PP_C2TSEL0=2
  00000003            00956 PP_C2TSEL1=3
  00000003            00957 PP_RDSEL=3
  00000004            00958 PP_ADCS=4
  00000005            00959 PP_ADCSEN=5
  00000007            00960 PP_ADON=7
  00000000            00961 PP_GO_NOT_DONE=0
  00000000            00962 PP_GO_DONE=0
  00000000            00963 PP_ADCS0=0
  00000001            00964 PP_ADCS1=1
  00000002            00965 PP_ADCS2=2
  00000003            00966 PP_ADCS3=3
  00000004            00967 PP_ADCS4=4
  00000005            00968 PP_ADCS5=5
  00000000            00969 PP_U1RXIF=0
  00000001            00970 PP_U1TXIF=1
  00000000            00971 PP_U2RXIF=0
  00000001            00972 PP_U2TXIF=1
                      00973 ; PPS INTERNAL VALUES
  00000028            00974 _PPS_FN_ADGRDB=40
  00000027            00975 _PPS_FN_ADGRDA=39
  00000026            00976 _PPS_FN_CLKR=38
  00000025            00977 _PPS_FN_NCO1=37
  00000024            00978 _PPS_FN_TU16B=36
  00000023            00979 _PPS_FN_TU16A=35
  00000022            00980 _PPS_FN_TMR0=34
  00000021            00981 _PPS_FN_SDA1=33
  00000020            00982 _PPS_FN_SCL1=32
  0000001F            00983 _PPS_FN_SS1=31
  0000001E            00984 _PPS_FN_SDO1=30
  0000001D            00985 _PPS_FN_SCK1=29
  0000001C            00986 _PPS_FN_C2OUT=28
  0000001B            00987 _PPS_FN_C1OUT=27
  0000001A            00988 _PPS_FN_RTS2=26
  00000019            00989 _PPS_FN_TXDE2=25
  00000018            00990 _PPS_FN_TX2=24
  00000017            00991 _PPS_FN_RTS1=23
  00000016            00992 _PPS_FN_TXDE1=22
  00000015            00993 _PPS_FN_TX1=21
  00000014            00994 _PPS_FN_PWM32=20
  00000013            00995 _PPS_FN_PWM31=19
  00000012            00996 _PPS_FN_PWM22=18
  00000011            00997 _PPS_FN_PWM21=17
  00000010            00998 _PPS_FN_PWM12=16
  0000000F            00999 _PPS_FN_PWM11=15
  0000000E            01000 _PPS_FN_CCP2=14
  0000000D            01001 _PPS_FN_CCP1=13
  0000000C            01002 _PPS_FN_CWG1D=12
  0000000B            01003 _PPS_FN_CWG1C=11
  0000000A            01004 _PPS_FN_CWG1B=10
  00000009            01005 _PPS_FN_CWG1A=9
  00000008            01006 _PPS_FN_CLC8=8
  00000007            01007 _PPS_FN_CLC7=7
  00000006            01008 _PPS_FN_CLC6=6
  00000005            01009 _PPS_FN_CLC5=5
  00000004            01010 _PPS_FN_CLC4=4
  00000003            01011 _PPS_FN_CLC3=3
  00000002            01012 _PPS_FN_CLC2=2
  00000001            01013 _PPS_FN_CLC1=1
                      01015 ; COMPILER'S INTERNAL Constants And ALIASES
                      01016 #define __18F56Q71 1
                      01017 #define xtal 64
                      01018 #define _core 16
                      01019 #define _MaxRAM 4096
                      01020 #define _RAM_End 0X14FF
                      01021 #define _MaxMem 0X010000
                      01022 #define _ADC 2
                      01023 #define _ADC_res 12
                      01024 #define _eeprom 256
                      01025 #define ram_banks 16
                      01026 #define _USART 2
                      01027 #define _USB 0
                      01028 #define _flash 1
                      01029 #define _cwrite_block 1
                      01030 #define _TRIS_offset -8
                      01031 #define __EE_RW_type 3
                      01032 #define __Flash_RW_type 3
                      01033 #define __MSSP_type 1
                      01034 #define __HPWM_type 1
                      01035 #define __adin_type 1
                      01036 #define __UART_type 3
                      01037 #define __PPS 1
                      01038 #define __PPS_type 1
                      01039 #define __movffl 1
                      01040 #define BankA_Start 0X500
                      01041 #define BankA_End 0X55F
                      01042 #define clrw clrf WREG
                      01043 #define negw negf WREG
                      01044 #define skpc btfss STATUS,0
                      01045 #define skpnc btfsc STATUS,0
                      01046 #define clrc bcf STATUS,0
                      01047 #define setc bsf STATUS,0
                      01048 #define skpz btfss STATUS,2
                      01049 #define skpnz btfsc STATUS,2
                      01050 #define clrz bcf STATUS,2
                      01051 #define setz bsf STATUS,2
                      01062 ; COMPILER SYSTEM Variables
  00000500            01063 BPF equ 0X500
  00000501            01064 BPFH equ 0X501
  00000502            01065 GEN4 equ 0X502
  00000503            01066 GEN4H equ 0X503
  00000504            01067 PBS_VAR0 equ 0X504
  00000505            01068 PBS_VAR0H equ 0X505
  00000506            01069 PP0 equ 0X506
  00000507            01070 PP0H equ 0X507
  00000508            01071 PP0HH equ 0X508
  00000509            01072 PP0HHH equ 0X509
  0000050A            01073 PP1 equ 0X50A
  0000050B            01074 PP1H equ 0X50B
  0000050C            01075 PP1HH equ 0X50C
  0000050D            01076 PP1HHH equ 0X50D
  0000050E            01077 PP2 equ 0X50E
  0000050F            01078 PP2H equ 0X50F
  00000510            01079 PP2HH equ 0X510
  00000511            01080 PP2HHH equ 0X511
  00000512            01081 PP3 equ 0X512
  00000513            01082 PP7 equ 0X513
  00000514            01083 PP7H equ 0X514
  00000515            01084 PP7HH equ 0X515
  00000516            01085 PP7HHH equ 0X516
  00000517            01086 PPZ equ 0X517
  00000518            01087 PPZH equ 0X518
  00000519            01088 PPZHH equ 0X519
  0000051A            01089 PPZHHH equ 0X51A
  0000051B            01090 SP__P9_ equ 0X51B
                      01091 ; Bit HOLDER Variables
  0000051C            01092 _B__VR1 equ 0X51C
                      01093 ; STANDARD Variables
  0000051D            01094 sTx equ 0X51D
  051D                01095 variable sTx#0=0X51D,sTx#1=0X51E,sTx#2=0X51F,sTx#3=0X520
  0521                01096 variable sTx#4=0X521,sTx#5=0X522,sTx#6=0X523,sTx#7=0X524
  0525                01097 variable sTx#8=0X525,sTx#9=0X526,sTx#10=0X527,sTx#11=0X528
  0529                01098 variable sTx#12=0X529,sTx#13=0X52A,sTx#14=0X52B,sTx#15=0X52C
  052D                01099 variable sTx#16=0X52D,sTx#17=0X52E,sTx#18=0X52F,sTx#19=0X530
  0531                01100 variable sTx#20=0X531,sTx#21=0X532,sTx#22=0X533,sTx#23=0X534
  0535                01101 variable sTx#24=0X535,sTx#25=0X536,sTx#26=0X537,sTx#27=0X538
  0539                01102 variable sTx#28=0X539,sTx#29=0X53A,sTx#30=0X53B,sTx#31=0X53C
  053D                01103 variable sTx#32=0X53D,sTx#33=0X53E,sTx#34=0X53F,sTx#35=0X540
  0541                01104 variable sTx#36=0X541,sTx#37=0X542,sTx#38=0X543,sTx#39=0X544
  0545                01105 variable sTx#40=0X545,sTx#41=0X546,sTx#42=0X547,sTx#43=0X548
  0549                01106 variable sTx#44=0X549,sTx#45=0X54A,sTx#46=0X54B,sTx#47=0X54C
  054D                01107 variable sTx#48=0X54D,sTx#49=0X54E,sTx#50=0X54F,sTx#51=0X550
  0551                01108 variable sTx#52=0X551,sTx#53=0X552,sTx#54=0X553,sTx#55=0X554
  0555                01109 variable sTx#56=0X555,sTx#57=0X556,sTx#58=0X557,sTx#59=0X558
  0559                01110 variable sTx#60=0X559,sTx#61=0X55A,sTx#62=0X55B,sTx#63=0X55C
  055D                01111 variable sTx#64=0X55D,sTx#65=0X55E,sTx#66=0X55F,sTx#67=0X560
  0561                01112 variable sTx#68=0X561,sTx#69=0X562,sTx#70=0X563,sTx#71=0X564
  0565                01113 variable sTx#72=0X565,sTx#73=0X566,sTx#74=0X567,sTx#75=0X568
  0569                01114 variable sTx#76=0X569,sTx#77=0X56A,sTx#78=0X56B,sTx#79=0X56C
  056D                01115 variable sTx#80=0X56D,sTx#81=0X56E,sTx#82=0X56F,sTx#83=0X570
  0571                01116 variable sTx#84=0X571,sTx#85=0X572,sTx#86=0X573,sTx#87=0X574
  0575                01117 variable sTx#88=0X575,sTx#89=0X576,sTx#90=0X577,sTx#91=0X578
  0579                01118 variable sTx#92=0X579,sTx#93=0X57A,sTx#94=0X57B,sTx#95=0X57C
  057D                01119 variable sTx#96=0X57D
  0000057E            01120 sCmd equ 0X57E
  057E                01121 variable sCmd#0=0X57E,sCmd#1=0X57F,sCmd#2=0X580,sCmd#3=0X581
  0582                01122 variable sCmd#4=0X582,sCmd#5=0X583,sCmd#6=0X584,sCmd#7=0X585
  0586                01123 variable sCmd#8=0X586,sCmd#9=0X587,sCmd#10=0X588,sCmd#11=0X589
  058A                01124 variable sCmd#12=0X58A,sCmd#13=0X58B,sCmd#14=0X58C,sCmd#15=0X58D
  058E                01125 variable sCmd#16=0X58E,sCmd#17=0X58F
  00000590            01126 sLow equ 0X590
  0590                01127 variable sLow#0=0X590,sLow#1=0X591,sLow#2=0X592,sLow#3=0X593
  0594                01128 variable sLow#4=0X594,sLow#5=0X595,sLow#6=0X596,sLow#7=0X597
  0598                01129 variable sLow#8=0X598,sLow#9=0X599,sLow#10=0X59A,sLow#11=0X59B
  059C                01130 variable sLow#12=0X59C,sLow#13=0X59D,sLow#14=0X59E,sLow#15=0X59F
  05A0                01131 variable sLow#16=0X5A0,sLow#17=0X5A1
  000005A2            01132 bLen equ 0X5A2
  000005A3            01133 bRaw equ 0X5A3
  000005A4            01134 bChar equ 0X5A4
  000005A5            01135 bI equ 0X5A5
  000005A6            01136 bSub equ 0X5A6
  000005A7            01137 bIdle equ 0X5A7
  000005A8            01138 bPhase equ 0X5A8
  000005A9            01139 bDuty equ 0X5A9
  000005AA            01140 bMode equ 0X5AA
  000005AB            01141 wT equ 0X5AB
  000005AC            01142 wTH equ 0X5AC
  000005AD            01143 wX equ 0X5AD
  000005AE            01144 wXH equ 0X5AE
  000005AF            01145 wNext equ 0X5AF
  000005B0            01146 wNextH equ 0X5B0
  000005B1            01147 wN equ 0X5B1
  000005B2            01148 wNH equ 0X5B2
  000005B3            01149 dX equ 0X5B3
  000005B4            01150 dXH equ 0X5B4
  000005B5            01151 dXHH equ 0X5B5
  000005B6            01152 dXHHH equ 0X5B6
  000005B7            01153 Bk equ 0X5B7
  000005B8            01154 bSw equ 0X5B8
  000005B9            01155 wCyc equ 0X5B9
  000005BA            01156 wCycH equ 0X5BA
                      01157 ; ALIAS Variables
                      01158 #define bSwOld _B__VR1,0
                      01159 #define bLedOn _B__VR1,1
                      01160 #define bLedWas _B__VR1,2
                      01161 #define bWires _B__VR1,3
                      01162 #define bKnown _B__VR1,4
                      01163 ; Constants
                      01164 #define __xtal 64
                      01165 #define cIdle 0
                      01166 #define cBlink 1
                      01167 #define cFade 2
                      01168 #define cStream 3
                      01169 ;---------------------------------------------
                      01170 ; START OF THE COMPILER'S LIBRARY ROUTINES
000000                01171 _compiler__start_
000000                01172     org 0x00
000000 0000           01173     nop
000002 0000           01174     nop
000004 EF9A F002      01175     goto _compiler_main_start_
000008                01176     org 0x08
000008                01177 __hex__ASCII__outb
000008 6A03           01178     clrf GEN4H,0
00000A                01179 __hex__ASCII__outc
00000A 6E0E           01180     movwf PP2,0
00000C                01181 __hex__ASCII__outd
00000C 6A0F           01182     clrf PP2H,0
00000E                01183 __hex__ASCII__out
00000E 9600           01184     bcf BPF,3
000010 5003           01185     movf GEN4H,W
000012 B4D8           01186     btfsc STATUS,2
000014 8600           01187     bsf BPF,3
000016 0E04           01188     movlw 0x04
000018 6E02           01189     movwf GEN4,0
00001A 380F           01190     swapf PP2H,W
00001C D805           01191     rcall __send_hex_digit__
00001E 500F           01192     movf PP2H,W
000020 D803           01193     rcall __send_hex_digit__
000022 380E           01194     swapf PP2,W
000024 D801           01195     rcall __send_hex_digit__
000026 500E           01196     movf PP2,W
000028                01197 __send_hex_digit__
000028 0B0F           01198     andlw 0x0F
00002A 0FF6           01199     addlw 0xF6
00002C B0D8           01200     btfsc STATUS,0
00002E 0F07           01201     addlw 0x07
000030 0F0A           01202     addlw 0x0A
000032 D020           01203     bra __send__it__
000034                01204 __dec__ASCII__outb
000034 6A03           01205     clrf GEN4H,0
000036                01206 __dec__ASCII__outc
000036 6E0E           01207     movwf PP2,0
000038                01208 __dec__ASCII__outd
000038 6A0F           01209     clrf PP2H,0
00003A                01210 __dec__ASCII__out
00003A 9600           01211     bcf BPF,3
00003C 5003           01212     movf GEN4H,W
00003E B4D8           01213     btfsc STATUS,2
000040 8600           01214     bsf BPF,3
000042 0E05           01215     movlw 0x05
000044 6E02           01216     movwf GEN4,0
000046 0E27           01217     movlw 0x27
000048 6E0B           01218     movwf PP1H,0
00004A 0E10           01219     movlw 0x10
00004C D80C           01220     rcall __send_dec_digit__
00004E 0E03           01221     movlw 0x03
000050 6E0B           01222     movwf PP1H,0
000052 0EE8           01223     movlw 0xE8
000054 D808           01224     rcall __send_dec_digit__
000056 6A0B           01225     clrf PP1H,0
000058 0E64           01226     movlw 0x64
00005A D805           01227     rcall __send_dec_digit__
00005C 6A0B           01228     clrf PP1H,0
00005E 0E0A           01229     movlw 0x0A
000060 D802           01230     rcall __send_dec_digit__
000062 500E           01231     movf PP2,W
000064 D007           01232     bra __send__it__
000066                01233 __send_dec_digit__
000066 6E0A           01234     movwf PP1,0
000068 500F           01235     movf PP2H,W
00006A 6E07           01236     movwf PP0H,0
00006C 500E           01237     movf PP2,W
00006E 6E06           01238     movwf PP0,0
000070 D85D           01239     rcall __divide_u1616_
000072 5006           01240     movf PP0,W
000074                01241 __send__it__
000074 6E06           01242     movwf PP0,0
000076 4E02           01243     dcfsnz GEN4,F
000078 9600           01244     bcf BPF,3
00007A 5003           01245     movf GEN4H,W
00007C E002           01246     bz __send_it_skip__
00007E 5C02           01247     subwf GEN4,W
000080 E207           01248     bc __send_it_exit__
000082                01249 __send_it_skip__
000082 5006           01250     movf PP0,W
000084 A4D8           01251     btfss STATUS,2
000086 9600           01252     bcf BPF,3
000088 B600           01253     btfsc BPF,3
00008A D002           01254     bra __send_it_exit__
00008C 0F30           01255     addlw 0x30
00008E D001           01256     bra __byte_send__
000090                01257 __send_it_exit__
000090 0012           01258     return
000092                01259 __byte_send__
000092 A201           01260     btfss BPFH,1
000094 D005           01261     bra __byte_send__checknext4
000096 B001           01262     btfsc BPFH,0
000098 D003           01263     bra __byte_send__checknext4
00009A B201           01264     btfsc BPFH,1
00009C 6EEE           01265     movwf POSTINC0,0
00009E 0012           01266     return
0000A0                01267 __byte_send__checknext4
0000A0                01268 __delay_ms_
0000A0 6A0B           01269     clrf PP1H,0
0000A2                01270 __delay_ms_wreg_
0000A2 6E0A           01271     movwf PP1,0
0000A4                01272 __delayms_from_regs__
0000A4 0EFF           01273     movlw 0xFF
0000A6 260A           01274     addwf PP1,F
0000A8 220B           01275     addwfc PP1H,F
0000AA D000           01276     bra $ + 2
0000AC A0D8           01277     btfss STATUS,0
0000AE 0012           01278     return
0000B0 0E03           01279     movlw 0x03
0000B2 6E07           01280     movwf PP0H,0
0000B4 0EE6           01281     movlw 0xE6
0000B6 D802           01282     rcall __delay_us_wreg_
0000B8 D7F5           01283     bra __delayms_from_regs__
0000BA                01284 __delay_us_
0000BA 6A07           01285     clrf PP0H,0
0000BC                01286 __delay_us_wreg_
0000BC 0FFE           01287     addlw 0xFE
0000BE 6E06           01288     movwf PP0,0
0000C0 0000           01289     nop
0000C2 D000           01290     bra $ + 2
0000C4 D000           01291     bra $ + 2
0000C6 6AE8           01292     clrf WREG,0
0000C8 5A07           01293     subwfb PP0H,F
0000CA A0D8           01294     btfss STATUS,0
0000CC 0012           01295     return
0000CE 0606           01296     decf PP0,F
0000D0 D000           01297     bra $ + 2
0000D2 D000           01298     bra $ + 2
0000D4 D7F5           01299     bra $ - 20
0000D6                01300 __divide_u3232_
0000D6 6A17           01301     clrf PPZ,0
0000D8 6A18           01302     clrf PPZH,0
0000DA 6A19           01303     clrf PPZHH,0
0000DC 6A1A           01304     clrf PPZHHH,0
0000DE 0E21           01305     movlw 0x21
0000E0 6E0C           01306     movwf PP1HH,0
0000E2 D015           01307     bra __divide_u3232_skip_
0000E4                01308 __divide_u3232_loop_
0000E4 3617           01309     rlcf PPZ,F
0000E6 3618           01310     rlcf PPZH,F
0000E8 3619           01311     rlcf PPZHH,F
0000EA 361A           01312     rlcf PPZHHH,F
0000EC 500E           01313     movf PP2,W
0000EE 5C17           01314     subwf PPZ,W
0000F0 500F           01315     movf PP2H,W
0000F2 5818           01316     subwfb PPZH,W
0000F4 5010           01317     movf PP2HH,W
0000F6 5819           01318     subwfb PPZHH,W
0000F8 5011           01319     movf PP2HHH,W
0000FA 581A           01320     subwfb PPZHHH,W
0000FC E308           01321     bnc __divide_u3232_skip_
0000FE 6E1A           01322     movwf PPZHHH,0
000100 500E           01323     movf PP2,W
000102 5E17           01324     subwf PPZ,F
000104 500F           01325     movf PP2H,W
000106 5A18           01326     subwfb PPZH,F
000108 5010           01327     movf PP2HH,W
00010A 5A19           01328     subwfb PPZHH,F
00010C 80D8           01329     bsf STATUS,0
00010E                01330 __divide_u3232_skip_
00010E 3606           01331     rlcf PP0,F
000110 3607           01332     rlcf PP0H,F
000112 3608           01333     rlcf PP0HH,F
000114 3609           01334     rlcf PP0HHH,F
000116 2E0C           01335     decfsz PP1HH,F
000118 D7E5           01336     bra __divide_u3232_loop_
00011A C51A F511      01337     movff PPZHHH,PP2HHH
00011E C519 F510      01338     movff PPZHH,PP2HH
000122 C518 F50F      01339     movff PPZH,PP2H
000126 5017           01340     movf PPZ,W
000128 6E0E           01341     movwf PP2,0
00012A 0012           01342     return
00012C                01343 __divide_u1616_
00012C 6A0F           01344     clrf PP2H,0
00012E 6A0E           01345     clrf PP2,0
000130                01346 __divide_int_u1616_
000130 0E10           01347     movlw 0x10
000132 6EF3           01348     movwf PRODL,0
000134                01349 __divide_u1616_loop_
000134 3407           01350     rlcf PP0H,W
000136 360E           01351     rlcf PP2,F
000138 360F           01352     rlcf PP2H,F
00013A 500A           01353     movf PP1,W
00013C 5C0E           01354     subwf PP2,W
00013E 500B           01355     movf PP1H,W
000140 580F           01356     subwfb PP2H,W
000142 E305           01357     bnc __divide_u1616_k_
000144 500A           01358     movf PP1,W
000146 5E0E           01359     subwf PP2,F
000148 500B           01360     movf PP1H,W
00014A 5A0F           01361     subwfb PP2H,F
00014C 80D8           01362     bsf STATUS,0
00014E                01363 __divide_u1616_k_
00014E 3606           01364     rlcf PP0,F
000150 3607           01365     rlcf PP0H,F
000152 2EF3           01366     decfsz PRODL,F
000154 D7EF           01367     bra __divide_u1616_loop_
000156 5006           01368     movf PP0,W
000158 0012           01369     return
00015A                01370 __multiply_u3232_
00015A C509 F51A      01371     movff PP0HHH,PPZHHH
00015E C508 F519      01372     movff PP0HH,PPZHH
000162 C507 F518      01373     movff PP0H,PPZH
000166 C506 F517      01374     movff PP0,PPZ
00016A 5019           01375     movf PPZHH,W
00016C 020E           01376     mulwf PP2,0
00016E C4F3 F508      01377     movff PRODL,PP0HH
000172 C4F4 F509      01378     movff PRODH,PP0HHH
000176 5018           01379     movf PPZH,W
000178 020F           01380     mulwf PP2H,0
00017A 50F3           01381     movf PRODL,W
00017C 2608           01382     addwf PP0HH,F
00017E 50F4           01383     movf PRODH,W
000180 2209           01384     addwfc PP0HHH,F
000182 5017           01385     movf PPZ,W
000184 0210           01386     mulwf PP2HH,0
000186 50F3           01387     movf PRODL,W
000188 2608           01388     addwf PP0HH,F
00018A 50F4           01389     movf PRODH,W
00018C 2209           01390     addwfc PP0HHH,F
00018E 501A           01391     movf PPZHHH,W
000190 020E           01392     mulwf PP2,0
000192 50F3           01393     movf PRODL,W
000194 2609           01394     addwf PP0HHH,F
000196 5019           01395     movf PPZHH,W
000198 020F           01396     mulwf PP2H,0
00019A 50F3           01397     movf PRODL,W
00019C 2609           01398     addwf PP0HHH,F
00019E 5018           01399     movf PPZH,W
0001A0 0210           01400     mulwf PP2HH,0
0001A2 50F3           01401     movf PRODL,W
0001A4 2609           01402     addwf PP0HHH,F
0001A6 5017           01403     movf PPZ,W
0001A8 0211           01404     mulwf PP2HHH,0
0001AA 50F3           01405     movf PRODL,W
0001AC 2609           01406     addwf PP0HHH,F
0001AE 5017           01407     movf PPZ,W
0001B0 020E           01408     mulwf PP2,0
0001B2 C4F3 F506      01409     movff PRODL,PP0
0001B6 C4F4 F507      01410     movff PRODH,PP0H
0001BA 5018           01411     movf PPZH,W
0001BC 020E           01412     mulwf PP2,0
0001BE 50F3           01413     movf PRODL,W
0001C0 2607           01414     addwf PP0H,F
0001C2 50F4           01415     movf PRODH,W
0001C4 2208           01416     addwfc PP0HH,F
0001C6 0E00           01417     movlw 0x00
0001C8 2209           01418     addwfc PP0HHH,F
0001CA 5017           01419     movf PPZ,W
0001CC 020F           01420     mulwf PP2H,0
0001CE 50F3           01421     movf PRODL,W
0001D0 2607           01422     addwf PP0H,F
0001D2 50F4           01423     movf PRODH,W
0001D4 2208           01424     addwfc PP0HH,F
0001D6 0E00           01425     movlw 0x00
0001D8 2209           01426     addwfc PP0HHH,F
0001DA 0012           01427     return
0001DC                01428 __load_flashstring_to_RAM_
0001DC                01429 __load_flashstring_to_RAM_24_
0001DC 0100           01430     movlb high(NVMCON1)
0001DE 6B41           01431     clrf NVMCON1,1
0001E0 0105           01432     movlb 0x05
0001E2 0009           01433     tblrd*+
0001E4 50F5           01434     movf TABLAT,W
0001E6 E002           01435     bz $ + 6
0001E8 6EEE           01436     movwf POSTINC0,0
0001EA D7FB           01437     bra $ - 8
0001EC 0012           01438     return
0001EE                01439 _to__lower_
0001EE 0E41           01440     movlw 0x41
0001F0 5CE7           01441     subwf INDF1,W
0001F2 E605           01442     bn $ + 12
0001F4 0E5B           01443     movlw 0x5B
0001F6 5CE7           01444     subwf INDF1,W
0001F8 E702           01445     bnn $ + 6
0001FA 0E20           01446     movlw 0x20
0001FC 12E7           01447     iorwf INDF1,F
0001FE 50E6           01448     movf POSTINC1,W
000200 6EEE           01449     movwf POSTINC0,0
000202 E1F5           01450     bnz $ - 20
000204 0012           01451     return
000206                01452 _FlashStr_RAMStr_Compare_
000206                01453 _FlashStr_RAMStr_Compare_24_
000206 0100           01454     movlb high(NVMCON1)
000208 6B41           01455     clrf NVMCON1,1
00020A 0105           01456     movlb 0x05
00020C 50EE           01457     movf POSTINC0,W
00020E 0009           01458     tblrd*+
000210 5CF5           01459     subwf TABLAT,W
000212 E102           01460     bnz $ + 6
000214 66F5           01461     tstfsz TABLAT
000216 D7FA           01462     bra $ - 10
000218 0012           01463     return
                      01464 ;---------------------------------------------
                      01465 ; USER. String variable PRE-LOADS
00021A                01466 _strlb__1
00021A 454C 2044 2328 01467     db 76,69,68,32,40,35
000220 2029 4E4F 2020 01468     db 41,32,79,78,32,32
000226 7420 6B69 0020 01469     db 32,116,105,107,32,0
00022C                01470 _strlb__2
00022C 342F 2020 7420 01471     db 47,52,32,32,32,116
000232 7275 0020      01472     db 117,114,32,0
000236                01473 _strlb__3
000236 454C 2044 2028 01474     db 76,69,68,32,40,32
00023C 2029 666F 0066 01475     db 41,32,111,102,102,0
000242                01476 _strlb__4
000242 2020 5753 3D30 01477     db 32,32,83,87,48,61
000248 0000           01478     db 0
00024A                01479 _strlb__5
00024A 4B4F 3520 3A33 01480     db 79,75,32,53,51,58
000250 4C20 4445 5020 01481     db 32,76,69,68,32,80
000256 4D57 3020 3E2D 01482     db 87,77,32,48,45,62
00025C 616D 2D78 303E 01483     db 109,97,120,45,62,48
000262 2820 3035 2B30 01484     db 32,40,53,48,48,43
000268 3035 2030 736D 01485     db 53,48,48,32,109,115
00026E 2C29 7320 6F74 01486     db 41,44,32,115,116,111
000274 2070 6C69 2065 01487     db 112,32,105,108,101,32
00027A 7564 7572 0072 01488     db 100,117,114,117,114,0
000280                01489 _strlb__6
000280 6B6F 6E6D 0000 01490     db 111,107,109,110,0
000286                01491 _strlb__7
000286 4B4F 6F20 6D6B 01492     db 79,75,32,111,107,109
00028C 3A6E 4C20 4445 01493     db 110,58,32,76,69,68
000292 7420 6B69 742D 01494     db 32,116,105,107,45,116
000298 6B69 742D 6B69 01495     db 105,107,45,116,105,107
00029E 742D 6B69 2B20 01496     db 45,116,105,107,32,43
0002A4 3320 3030 6D20 01497     db 32,51,48,48,32,109
0002AA 2C73 7320 6F74 01498     db 115,44,32,115,116,111
0002B0 2070 6C69 2065 01499     db 112,32,105,108,101,32
0002B6 7564 7572 0072 01500     db 100,117,114,117,114,0
0002BC                01501 _strlb__8
0002BC 6F63 656D 0000 01502     db 99,111,109,101,0
0002C2                01503 _strlb__9
0002C2 4B4F 6320 6D6F 01504     db 79,75,32,99,111,109
0002C8 3A65 4420 5441 01505     db 101,58,32,68,65,84
0002CE 2041 6568 2072 01506     db 65,32,104,101,114,32
0002D4 3532 2030 736D 01507     db 50,53,48,32,109,115
0002DA 202C 7473 706F 01508     db 44,32,115,116,111,112
0002E0 6920 656C 6420 01509     db 32,105,108,101,32,100
0002E6 7275 7275 0000 01510     db 117,114,117,114,0
0002EC                01511 _strlb__10
0002EC 7473 706F 0000 01512     db 115,116,111,112,0
0002F2                01513 _strlb__11
0002F2 4B4F 7320 6F74 01514     db 79,75,32,115,116,111
0002F8 3A70 6220 6B65 01515     db 112,58,32,98,101,107
0002FE 696C 6F79 2072 01516     db 108,105,121,111,114,32
000304 202F 6177 7469 01517     db 47,32,119,97,105,116
00030A 6E69 0067      01518     db 105,110,103,0
00030E                01519 _strlb__12
00030E 6568 706C 0000 01520     db 104,101,108,112,0
000314                01521 _strlb__13
000314 203F 6962 696C 01522     db 63,32,98,105,108,105
00031A 6D6E 7965 6E65 01523     db 110,109,101,121,101,110
000320 6B20 6D6F 7475 01524     db 32,107,111,109,117,116
000326 2F20 7520 6B6E 01525     db 32,47,32,117,110,107
00032C 6F6E 6E77 203A 01526     db 110,111,119,110,58,32
000332 0000           01527     db 0
000334                01528 _strlb__14
000334 2020 4828 5845 01529     db 32,32,40,72,69,88
00033A 0020           01530     db 32,0
00033C                01531 _strlb__15
00033C 2E2E 292E 2020 01532     db 46,46,46,41,32,32
000342 3E2D 6820 6C65 01533     db 45,62,32,104,101,108
000348 0070           01534     db 112,0
00034A                01535 _strlb__16
00034A 2D2D 6420 7275 01536     db 45,45,32,100,117,114
000350 7564 2F20 7320 01537     db 100,117,32,47,32,115
000356 6F74 7070 6465 01538     db 116,111,112,112,101,100
00035C 2D20 002D      01539     db 32,45,45,0
000360                01540 _strlb__17
000360 4E43 4E41 5F4F 01541     db 67,78,65,78,79,95
000366 4F4B 554D 2054 01542     db 75,79,77,85,84,32
00036C 3635 3751 2031 01543     db 53,54,81,55,49,32
000372 6168 697A 2072 01544     db 104,97,122,105,114,32
000378 202F 6572 6461 01545     db 47,32,114,101,97,100
00037E 0079           01546     db 121,0
000380                01547 _strlb__18
000380 2020 614B 6C62 01548     db 32,32,75,97,98,108
000386 206F 7564 7572 01549     db 111,32,100,117,114,117
00038C 756D 6920 6B6C 01550     db 109,117,32,105,108,107
000392 6B20 6D6F 7475 01551     db 32,107,111,109,117,116
000398 6174 6220 6C65 01552     db 116,97,32,98,101,108
00039E 7269 656C 696E 01553     db 105,114,108,101,110,105
0003A4 2072 202F 6977 01554     db 114,32,47,32,119,105
0003AA 6572 6320 6568 01555     db 114,101,32,99,104,101
0003B0 6B63 6120 2074 01556     db 99,107,32,97,116,32
0003B6 6874 2065 6966 01557     db 116,104,101,32,102,105
0003BC 7372 2074 6F63 01558     db 114,115,116,32,99,111
0003C2 6D6D 6E61 0064 01559     db 109,109,97,110,100,0
0003C8                01560 _strlb__19
0003C8 2020 414B 4C42 01561     db 32,32,75,65,66,76
0003CE 4C4F 2055 5228 01562     db 79,76,85,32,40,82
0003D4 3542 522D 3743 01563     db 66,53,45,82,67,55
0003DA 2029 202F 6977 01564     db 41,32,47,32,119,105
0003E0 6572 6620 7469 01565     db 114,101,32,102,105,116
0003E6 6574 3A64 4C20 01566     db 116,101,100,58,32,76
0003EC 4445 2030 7573 01567     db 69,68,48,32,115,117
0003F2 7572 6D6C 7A65 01568     db 114,117,108,109,101,122
0003F8 202C 454C 2044 01569     db 44,32,76,69,68,32
0003FE 7562 6172 6164 01570     db 98,117,114,97,100,97
000404 6720 736F 6574 01571     db 32,103,111,115,116,101
00040A 6972 696C 0072 01572     db 114,105,108,105,114,0
000410                01573 _strlb__20
000410 2020 414B 4C42 01574     db 32,32,75,65,66,76
000416 534F 5A55 2F20 01575     db 79,83,85,90,32,47
00041C 6E20 206F 6977 01576     db 32,110,111,32,119,105
000422 6572 203A 454C 01577     db 114,101,58,32,76,69
000428 3044 6B20 6C75 01578     db 68,48,32,107,117,108
00042E 616C 696E 696C 01579     db 108,97,110,105,108,105
000434 6F79 2072 2B28 01580     db 121,111,114,32,40,43
00043A 6220 7275 6461 01581     db 32,98,117,114,97,100
000440 2061 6F67 7473 01582     db 97,32,103,111,115,116
000446 7265 6C69 7269 01583     db 101,114,105,108,105,114
00044C 0029           01584     db 41,0
00044E                01585 _strlb__21
00044E 2020 6B6F 6E6D 01586     db 32,32,111,107,109,110
000454 2020 4D28 7465 01587     db 32,32,40,77,101,116
00045A 6E69 542F 7865 01588     db 105,110,47,84,101,120
000460 2974 2020 454C 01589     db 116,41,32,32,76,69
000466 2044 6974 206B 01590     db 68,32,116,105,107,32
00046C 3478 2B20 3320 01591     db 120,52,32,43,32,51
000472 3030 6D20 2C73 01592     db 48,48,32,109,115,44
000478 7320 7275 6B65 01593     db 32,115,117,114,101,107
00047E 696C 0000      01594     db 108,105,0
000482                01595 _strlb__22
000482 2020 3335 2020 01596     db 32,32,53,51,32,32
000488 2020 4828 5845 01597     db 32,32,40,72,69,88
00048E 2029 2020 2020 01598     db 41,32,32,32,32,32
000494 2020 2020 454C 01599     db 32,32,32,32,76,69
00049A 2044 5750 204D 01600     db 68,32,80,87,77,32
0004A0 6166 6564 202C 01601     db 102,97,100,101,44,32
0004A6 7573 6572 6C6B 01602     db 115,117,114,101,107,108
0004AC 0069           01603     db 105,0
0004AE                01604 _strlb__23
0004AE 2020 6F63 656D 01605     db 32,32,99,111,109,101
0004B4 2020 4D28 7465 01606     db 32,32,40,77,101,116
0004BA 6E69 542F 7865 01607     db 105,110,47,84,101,120
0004C0 2974 2020 4144 01608     db 116,41,32,32,68,65
0004C6 4154 6820 7265 01609     db 84,65,32,104,101,114
0004CC 3220 3035 6D20 01610     db 32,50,53,48,32,109
0004D2 2C73 7320 7275 01611     db 115,44,32,115,117,114
0004D8 6B65 696C 0000 01612     db 101,107,108,105,0
0004DE                01613 _strlb__24
0004DE 2020 7473 706F 01614     db 32,32,115,116,111,112
0004E4 2020 7564 6472 01615     db 32,32,100,117,114,100
0004EA 7275 7275 2020 01616     db 117,114,117,114,32,32
0004F0 2020 2020 6568 01617     db 32,32,32,32,104,101
0004F6 706C 2020 7562 01618     db 108,112,32,32,98,117
0004FC 6C20 7369 6574 01619     db 32,108,105,115,116,101
000502 0000           01620     db 0
000504                01621 _strlb__25
000504 2020 6944 2073 01622     db 32,32,68,105,115,32
00050A 454C 2044 6928 01623     db 76,69,68,32,40,105
000510 7473 6765 2065 01624     db 115,116,101,103,101,32
000516 6162 6C67 2969 01625     db 98,97,103,108,105,41
00051C 203A 4452 2030 01626     db 58,32,82,68,48,32
000522 202D 6B31 2D20 01627     db 45,32,49,107,32,45
000528 4C20 4445 2D20 01628     db 32,76,69,68,32,45
00052E 4720 444E 0000 01629     db 32,71,78,68,0
000534                01630 _compiler_main_start_
000534 6A00           01631     clrf BPF,0
000536 0100           01632     movlb high(NVMCON1)
000538 6B41           01633     clrf NVMCON1,1
                      01634 ;---------------------------------------------
                      01635 ; START OF THE USER'S PROGRAM Code
  0000053A            01636 F1_SOF equ $ ; CNANO_KOMUT_56Q71.BAS
00053A 0104           01637     movlb 0x04
00053C 6B00           01638     clrf ANSELA
00053E 6B08           01639     clrf ANSELB
000540 6B10           01640     clrf ANSELC
000542 6B18           01641     clrf ANSELD
000544 6B20           01642     clrf ANSELE
000546 6B28           01643     clrf ANSELF
000548 6B03           01644     clrf SLRCONA
00054A 6B0B           01645     clrf SLRCONB
00054C 6B13           01646     clrf SLRCONC
00054E 6B1B           01647     clrf SLRCOND
000550 6B23           01648     clrf SLRCONE
000552 6B2B           01649     clrf SLRCONF
000554 6B04           01650     clrf INLVLA
000556 6B0C           01651     clrf INLVLB
000558 6B14           01652     clrf INLVLC
00055A 6B1C           01653     clrf INLVLD
00055C 6B24           01654     clrf INLVLE
00055E 6B2C           01655     clrf INLVLF
000560 0100           01656     movlb 0x00
000562 6B70           01657     clrf CM1CON0
000564 6B74           01658     clrf CM2CON0
  00000566            01659 F1_000076 equ $ ; in [CNANO_KOMUT_56Q71.BAS] OSCCON1 = $60
000566 0E60           01660     movlw 96
000568 6FAD           01661     movwf OSCCON1
  0000056A            01662 F1_000077 equ $ ; in [CNANO_KOMUT_56Q71.BAS] OSCFRQ  = $08
00056A 0E08           01663     movlw 8
00056C 6FB1           01664     movwf OSCFRQ
  0000056E            01665 F1_000080 equ $ ; in [CNANO_KOMUT_56Q71.BAS] ANSELA = 0 : ANSELB = 0 : ANSELC = 0
00056E 0104           01666     movlb 0x04
000570 6B00           01667     clrf ANSELA
000572 6B08           01668     clrf ANSELB
000574 6B10           01669     clrf ANSELC
  00000576            01670 F1_000081 equ $ ; in [CNANO_KOMUT_56Q71.BAS] WPUA.0 = 1
000576 8101           01671     bsf WPUA,0
  00000578            01672 F1_000082 equ $ ; in [CNANO_KOMUT_56Q71.BAS] WPUB.5 = 1
000578 8B09           01673     bsf WPUB,5
  0000057A            01674 F1_000089 equ $ ; in [CNANO_KOMUT_56Q71.BAS] ANSELD = 0 : LATD.0 = 0 : TRISD.0 = 0
00057A 6B18           01675     clrf ANSELD
00057C 0101           01676     movlb 0x01
00057E 9143           01677     bcf LATD,0
000580 914B           01678     bcf TRISD,0
  00000582            01679 F1_000090 equ $ ; in [CNANO_KOMUT_56Q71.BAS] TRISC.7 = 1 : WPUC.7 = 1
000582 8F4A           01680     bsf TRISC,7
000584 0104           01681     movlb 0x04
000586 8F11           01682     bsf WPUC,7
  00000588            01683 F1_000091 equ $ ; in [CNANO_KOMUT_56Q71.BAS] IOCBN.5 = 1 : IOCCN.7 = 1
000588 8B0E           01684     bsf IOCBN,5
00058A 8F16           01685     bsf IOCCN,7
  0000058C            01686 F1_000092 equ $ ; in [CNANO_KOMUT_56Q71.BAS] IOCBF.5 = 0 : IOCCF.7 = 0
00058C 9B0F           01687     bcf IOCBF,5
00058E 9F17           01688     bcf IOCCF,7
  00000590            01689 F1_000093 equ $ ; in [CNANO_KOMUT_56Q71.BAS] bWires = 1 : bKnown = 0
000590 861C           01690     bsf _B__VR1,3
000592 981C           01691     bcf _B__VR1,4
  00000594            01692 F1_000097 equ $ ; in [CNANO_KOMUT_56Q71.BAS] LATB.4  = 1
000594 0101           01693     movlb 0x01
000596 8941           01694     bsf LATB,4
  00000598            01695 F1_000098 equ $ ; in [CNANO_KOMUT_56Q71.BAS] TRISB.4 = 0
000598 9949           01696     bcf TRISB,4
  0000059A            01697 F1_000099 equ $ ; in [CNANO_KOMUT_56Q71.BAS] RB4PPS  = 24
00059A 0102           01698     movlb 0x02
00059C 0E18           01699     movlw 24
00059E 6F0D           01700     movwf RB4PPS
  000005A0            01701 F1_000100 equ $ ; in [CNANO_KOMUT_56Q71.BAS] U2RXPPS = ((1 << 3) | 5)
0005A0 0E0D           01702     movlw 13
0005A2 6F74           01703     movwf U2RXPPS
  000005A4            01704 F1_000101 equ $ ; in [CNANO_KOMUT_56Q71.BAS] U2BRGH  = 0
0005A4 6BC2           01705     clrf U2BRGH
  000005A6            01706 F1_000102 equ $ ; in [CNANO_KOMUT_56Q71.BAS] U2BRGL  = 138
0005A6 0E8A           01707     movlw 138
0005A8 6FC1           01708     movwf U2BRGL
  000005AA            01709 F1_000103 equ $ ; in [CNANO_KOMUT_56Q71.BAS] U2CON0  = ((1 << 7) | (1 << 5) | (1 << 4))
0005AA 0EB0           01710     movlw 176
0005AC 6FBE           01711     movwf U2CON0
  000005AE            01712 F1_000104 equ $ ; in [CNANO_KOMUT_56Q71.BAS] U2CON1  = (1 << 7)
0005AE 0E80           01713     movlw 128
0005B0 6FBF           01714     movwf U2CON1
  000005B2            01715 F1_000106 equ $ ; in [CNANO_KOMUT_56Q71.BAS] bLen = 0 : sCmd = "" : bSub = 0 : bIdle = 0 : bPhase = 0 : bDuty = 0
0005B2 0105           01716     movlb 0x05
0005B4 6BA2           01717     clrf bLen
0005B6 EE01 F17E      01718     lfsr 0,sCmd
0005BA 6AEF           01719     clrf INDF0
0005BC 6BA6           01720     clrf bSub
0005BE 6BA7           01721     clrf bIdle
0005C0 6BA8           01722     clrf bPhase
0005C2 6BA9           01723     clrf bDuty
  000005C4            01724 F1_000107 equ $ ; in [CNANO_KOMUT_56Q71.BAS] bMode = cIdle : wT = 0 : bSwOld = 1 : bLedOn = 0 : bLedWas = 0
0005C4 6BAA           01725     clrf bMode
0005C6 6BAC           01726     clrf wTH
0005C8 6BAB           01727     clrf wT
0005CA 801C           01728     bsf _B__VR1,0
0005CC 921C           01729     bcf _B__VR1,1
0005CE 941C           01730     bcf _B__VR1,2
  000005D0            01731 F1_000108 equ $ ; in [CNANO_KOMUT_56Q71.BAS] DelayMs 100
0005D0 0E64           01732     movlw 100
0005D2 EC50 F000      01733     call __delay_ms_
  000005D6            01734 F1_000109 equ $ ; in [CNANO_KOMUT_56Q71.BAS] GoSub Tx_Help
0005D6 ECCD F005      01735     call Tx_Help
  000005DA            01736 F1_000112 equ $ ; in [CNANO_KOMUT_56Q71.BAS] Do
0005DA                01737 _lbl__2
  000005DA            01738 F1_000114 equ $ ; in [CNANO_KOMUT_56Q71.BAS] While U2FIFO.1 = 0
0005DA                01739 _lbl__5
0005DA C2C3 F4E8      01740     movff U2FIFO,WREG
0005DE B2E8           01741     btfsc WREG,1
0005E0 D02B           01742     bra _lbl__6
  000005E2            01743 F1_000115 equ $ ; in [CNANO_KOMUT_56Q71.BAS] bChar = U2RXB
0005E2 C2B4 F5A4      01744     movff U2RXB,bChar
  000005E6            01745 F1_000116 equ $ ; in [CNANO_KOMUT_56Q71.BAS] if bKnown = 0 Then GoSub Wire_Decide
0005E6 A81C           01746     btfss _B__VR1,4,0
0005E8 EC2D F006      01747     call Wire_Decide
0005EC                01748 _lbl__8
  000005EC            01749 F1_000117 equ $ ; in [CNANO_KOMUT_56Q71.BAS] bIdle = 0
0005EC 6BA7           01750     clrf bIdle
  000005EE            01751 F1_000118 equ $ ; in [CNANO_KOMUT_56Q71.BAS] if bChar = 13 Or bChar = 10 Then
0005EE 0E0D           01752     movlw 13
0005F0 5DA4           01753     subwf bChar,W
0005F2 0E01           01754     movlw 1
0005F4 A4D8           01755     btfss STATUS,2
0005F6 0E00           01756     movlw 0
0005F8 6E1B           01757     movwf SP__P9_
0005FA 0E0A           01758     movlw 10
0005FC 5DA4           01759     subwf bChar,W
0005FE 0E01           01760     movlw 1
000600 A4D8           01761     btfss STATUS,2
000602 0E00           01762     movlw 0
000604 121B           01763     iorwf SP__P9_,F
000606 E004           01764     bz _lbl__10
  00000608            01765 F1_000119 equ $ ; in [CNANO_KOMUT_56Q71.BAS] if bLen > 0 Then GoSub Do_Command
000608 53A2           01766     movf bLen,F
00060A E001           01767     bz _lbl__12
00060C D981           01768     rcall Do_Command
00060E                01769 _lbl__12
00060E D013           01770     bra _lbl__13
000610                01771 _lbl__10
  00000610            01772 F1_000120 equ $ ; in [CNANO_KOMUT_56Q71.BAS] else
  00000610            01773 F1_000121 equ $ ; in [CNANO_KOMUT_56Q71.BAS] if bLen = 0 Then bRaw = bChar
000610 53A2           01774     movf bLen,F
000612 E102           01775     bnz _lbl__15
000614 C5A4 F5A3      01776     movff bChar,bRaw
000618                01777 _lbl__15
  00000618            01778 F1_000122 equ $ ; in [CNANO_KOMUT_56Q71.BAS] if bLen < 16 Then
000618 0E10           01779     movlw 16
00061A 61A2           01780     cpfslt bLen
00061C D00C           01781     bra _lbl__17
  0000061E            01782 F1_000123 equ $ ; in [CNANO_KOMUT_56Q71.BAS] sCmd[bLen] = bChar
00061E EE01 F17E      01783     lfsr 0,sCmd
000622 51A2           01784     movf bLen,W
000624 C5A4 F4EB      01785     movff bChar,PLUSW0
  00000628            01786 F1_000124 equ $ ; in [CNANO_KOMUT_56Q71.BAS] Inc bLen
000628 2BA2           01787     incf bLen,F
  0000062A            01788 F1_000125 equ $ ; in [CNANO_KOMUT_56Q71.BAS] sCmd[bLen] = 0
00062A 6AF3           01789     clrf PRODL
00062C EE01 F17E      01790     lfsr 0,sCmd
000630 51A2           01791     movf bLen,W
000632 C4F3 F4EB      01792     movff PRODL,PLUSW0
  00000636            01793 F1_000126 equ $ ; in [CNANO_KOMUT_56Q71.BAS] endif
000636                01794 _lbl__17
  00000636            01795 F1_000127 equ $ ; in [CNANO_KOMUT_56Q71.BAS] endif
000636                01796 _lbl__13
  00000636            01797 F1_000128 equ $ ; in [CNANO_KOMUT_56Q71.BAS] Wend
000636 D7D1           01798     bra _lbl__5
000638                01799 _lbl__6
  00000638            01800 F1_000131 equ $ ; in [CNANO_KOMUT_56Q71.BAS] if bMode = cFade Then
000638 0E02           01801     movlw 2
00063A 63AA           01802     cpfseq bMode
00063C D00D           01803     bra _lbl__19
  0000063E            01804 F1_000132 equ $ ; in [CNANO_KOMUT_56Q71.BAS] Inc bPhase
00063E 2BA8           01805     incf bPhase,F
  00000640            01806 F1_000133 equ $ ; in [CNANO_KOMUT_56Q71.BAS] if bPhase >= 40 Then bPhase = 0
000640 0E27           01807     movlw 39
000642 65A8           01808     cpfsgt bPhase
000644 D001           01809     bra _lbl__21
000646 6BA8           01810     clrf bPhase
000648                01811 _lbl__21
  00000648            01812 F1_000134 equ $ ; in [CNANO_KOMUT_56Q71.BAS] if bPhase < bDuty Then
000648 51A9           01813     movf bDuty,W
00064A 61A8           01814     cpfslt bPhase
00064C D002           01815     bra _lbl__23
  0000064E            01816 F1_000135 equ $ ; in [CNANO_KOMUT_56Q71.BAS] bLedOn = 1
00064E 821C           01817     bsf _B__VR1,1
000650 D001           01818     bra _lbl__24
000652                01819 _lbl__23
  00000652            01820 F1_000136 equ $ ; in [CNANO_KOMUT_56Q71.BAS] else
  00000652            01821 F1_000137 equ $ ; in [CNANO_KOMUT_56Q71.BAS] bLedOn = 0
000652 921C           01822     bcf _B__VR1,1
  00000654            01823 F1_000138 equ $ ; in [CNANO_KOMUT_56Q71.BAS] endif
000654                01824 _lbl__24
  00000654            01825 F1_000139 equ $ ; in [CNANO_KOMUT_56Q71.BAS] GoSub Led_Out
000654 EC50 F005      01826     call Led_Out
  00000658            01827 F1_000140 equ $ ; in [CNANO_KOMUT_56Q71.BAS] endif
000658                01828 _lbl__19
  00000658            01829 F1_000143 equ $ ; in [CNANO_KOMUT_56Q71.BAS] DelayUs 46
000658 0E2E           01830     movlw 46
00065A EC5D F000      01831     call __delay_us_
  0000065E            01832 F1_000144 equ $ ; in [CNANO_KOMUT_56Q71.BAS] Inc bSub
00065E 2BA6           01833     incf bSub,F
  00000660            01834 F1_000145 equ $ ; in [CNANO_KOMUT_56Q71.BAS] if bSub >= 20 Then
000660 0E13           01835     movlw 19
000662 65A6           01836     cpfsgt bSub
000664 D002           01837     bra _lbl__26
  00000666            01838 F1_000146 equ $ ; in [CNANO_KOMUT_56Q71.BAS] bSub = 0
000666 6BA6           01839     clrf bSub
  00000668            01840 F1_000147 equ $ ; in [CNANO_KOMUT_56Q71.BAS] GoSub Tick_1ms
000668 D801           01841     rcall Tick_1ms
  0000066A            01842 F1_000148 equ $ ; in [CNANO_KOMUT_56Q71.BAS] endif
00066A                01843 _lbl__26
00066A                01844 _lbl__4
  0000066A            01845 F1_000149 equ $ ; in [CNANO_KOMUT_56Q71.BAS] Loop
00066A D7B7           01846     bra _lbl__2
00066C                01847 _lbl__3
00066C                01848 Tick_1ms
  0000066C            01849 F1_000154 equ $ ; in [CNANO_KOMUT_56Q71.BAS] if bLen > 0 Then
00066C 53A2           01850     movf bLen,F
00066E E005           01851     bz _lbl__28
  00000670            01852 F1_000155 equ $ ; in [CNANO_KOMUT_56Q71.BAS] Inc bIdle
000670 2BA7           01853     incf bIdle,F
  00000672            01854 F1_000156 equ $ ; in [CNANO_KOMUT_56Q71.BAS] if bIdle >= 30 Then GoSub Do_Command
000672 0E1D           01855     movlw 29
000674 65A7           01856     cpfsgt bIdle
000676 D001           01857     bra _lbl__30
000678 D94B           01858     rcall Do_Command
00067A                01859 _lbl__30
  0000067A            01860 F1_000157 equ $ ; in [CNANO_KOMUT_56Q71.BAS] endif
00067A                01861 _lbl__28
  0000067A            01862 F1_000160 equ $ ; in [CNANO_KOMUT_56Q71.BAS] if PORTA.0 <> bSwOld Then
00067A 0101           01863     movlb 0x01
00067C 5150           01864     movf PORTA,W
00067E 181C           01865     xorwf _B__VR1,W
000680 0B01           01866     andlw 1
000682 0105           01867     movlb 0x05
000684 E012           01868     bz _lbl__32
  00000686            01869 F1_000161 equ $ ; in [CNANO_KOMUT_56Q71.BAS] bSwOld = PORTA.0
000686 0101           01870     movlb 0x01
000688 801C           01871     bsf _B__VR1,0
00068A A150           01872     btfss PORTA,0
00068C 901C           01873     bcf _B__VR1,0
  0000068E            01874 F1_000162 equ $ ; in [CNANO_KOMUT_56Q71.BAS] if bSwOld = 0 Then
00068E 0105           01875     movlb 0x05
000690 B01C           01876     btfsc _B__VR1,0,0
000692 D00B           01877     bra _lbl__34
  00000694            01878 F1_000163 equ $ ; in [CNANO_KOMUT_56Q71.BAS] sTx = "SW0"
000694 EE01 F11D      01879     lfsr 0,sTx
000698 0E53           01880     movlw 83
00069A 6EEE           01881     movwf POSTINC0
00069C 0E57           01882     movlw 87
00069E 6EEE           01883     movwf POSTINC0
0006A0 0E30           01884     movlw 48
0006A2 6EEE           01885     movwf POSTINC0
0006A4 6AEF           01886     clrf INDF0
  000006A6            01887 F1_000164 equ $ ; in [CNANO_KOMUT_56Q71.BAS] GoSub Tx_Line
0006A6 ECB3 F005      01888     call Tx_Line
  000006AA            01889 F1_000165 equ $ ; in [CNANO_KOMUT_56Q71.BAS] endif
0006AA                01890 _lbl__34
  000006AA            01891 F1_000166 equ $ ; in [CNANO_KOMUT_56Q71.BAS] endif
0006AA                01892 _lbl__32
  000006AA            01893 F1_000168 equ $ ; in [CNANO_KOMUT_56Q71.BAS] if bMode = cIdle Then return
0006AA 53AA           01894     movf bMode,F
0006AC E101           01895     bnz _lbl__36
0006AE 0012           01896     return 0
0006B0                01897 _lbl__36
  000006B0            01898 F1_000169 equ $ ; in [CNANO_KOMUT_56Q71.BAS] Inc wT
0006B0 4BAB           01899     infsnz wT,F
0006B2 2BAC           01900     incf wTH,F
  000006B4            01901 F1_000171 equ $ ; in [CNANO_KOMUT_56Q71.BAS] Select bMode
  000006B4            01902 F1_000172 equ $ ; in [CNANO_KOMUT_56Q71.BAS] Case cBlink
0006B4 2DAA           01903     decfsz bMode,W
0006B6 D066           01904     bra _lbl__38
  000006B8            01905 F1_000173 equ $ ; in [CNANO_KOMUT_56Q71.BAS] if wT >= 1100 Then
0006B8 0E4C           01906     movlw 76
0006BA 5DAB           01907     subwf wT,W
0006BC 0E04           01908     movlw 4
0006BE 59AC           01909     subwfb wTH,W
0006C0 E304           01910     bnc _lbl__41
  000006C2            01911 F1_000174 equ $ ; in [CNANO_KOMUT_56Q71.BAS] wT = 0 : Inc wCyc
0006C2 6BAC           01912     clrf wTH
0006C4 6BAB           01913     clrf wT
0006C6 4BB9           01914     infsnz wCyc,F
0006C8 2BBA           01915     incf wCycH,F
  000006CA            01916 F1_000175 equ $ ; in [CNANO_KOMUT_56Q71.BAS] endif
0006CA                01917 _lbl__41
  000006CA            01918 F1_000176 equ $ ; in [CNANO_KOMUT_56Q71.BAS] wX = wT
0006CA C5AC F5AE      01919     movff wTH,wXH
0006CE C5AB F5AD      01920     movff wT,wX
  000006D2            01921 F1_000177 equ $ ; in [CNANO_KOMUT_56Q71.BAS] bLedOn = 0
0006D2 921C           01922     bcf _B__VR1,1
  000006D4            01923 F1_000178 equ $ ; in [CNANO_KOMUT_56Q71.BAS] if wX < 800 Then
0006D4 0E20           01924     movlw 32
0006D6 5DAD           01925     subwf wX,W
0006D8 0E03           01926     movlw 3
0006DA 59AE           01927     subwfb wXH,W
0006DC E213           01928     bc _lbl__43
  000006DE            01929 F1_000179 equ $ ; in [CNANO_KOMUT_56Q71.BAS] if (wX // 200) < 80 Then bLedOn = 1
0006DE C5AE F507      01930     movff wXH,PP0H
0006E2 C5AD F506      01931     movff wX,PP0
0006E6 6A0B           01932     clrf PP1H
0006E8 0EC8           01933     movlw 200
0006EA 6E0A           01934     movwf PP1
0006EC EC96 F000      01935     call __divide_u1616_
0006F0 C50F F505      01936     movff PP2H,PBS_VAR0H
0006F4 C50E F504      01937     movff PP2,PBS_VAR0
0006F8 5205           01938     movf PBS_VAR0H,F
0006FA E104           01939     bnz _lbl__45
0006FC 0E50           01940     movlw 80
0006FE 6004           01941     cpfslt PBS_VAR0
000700 D001           01942     bra _lbl__45
000702 821C           01943     bsf _B__VR1,1
000704                01944 _lbl__45
  00000704            01945 F1_000180 equ $ ; in [CNANO_KOMUT_56Q71.BAS] endif
000704                01946 _lbl__43
  00000704            01947 F1_000181 equ $ ; in [CNANO_KOMUT_56Q71.BAS] GoSub Led_Out
000704 D9CD           01948     rcall Led_Out
  00000706            01949 F1_000182 equ $ ; in [CNANO_KOMUT_56Q71.BAS] if bLedOn <> bLedWas Then
000706 6AE8           01950     clrf WREG,0
000708 B21C           01951     btfsc _B__VR1,1
00070A 0F01           01952     addlw 1
00070C B41C           01953     btfsc _B__VR1,2
00070E 0801           01954     sublw 1
000710 E038           01955     bz _lbl__47
  00000712            01956 F1_000183 equ $ ; in [CNANO_KOMUT_56Q71.BAS] bLedWas = bLedOn
000712 841C           01957     bsf _B__VR1,2
000714 A21C           01958     btfss _B__VR1,1
000716 941C           01959     bcf _B__VR1,2
  00000718            01960 F1_000184 equ $ ; in [CNANO_KOMUT_56Q71.BAS] if bLedOn = 1 Then
000718 A21C           01961     btfss _B__VR1,1,0
00071A D029           01962     bra _lbl__49
  0000071C            01963 F1_000185 equ $ ; in [CNANO_KOMUT_56Q71.BAS] Bk = wX / 200 : Inc Bk
00071C C5AE F507      01964     movff wXH,PP0H
000720 C5AD F506      01965     movff wX,PP0
000724 6A0B           01966     clrf PP1H
000726 0EC8           01967     movlw 200
000728 6E0A           01968     movwf PP1
00072A EC96 F000      01969     call __divide_u1616_
00072E 6FB7           01970     movwf Bk
000730 2BB7           01971     incf Bk,F
  00000732            01972 F1_000186 equ $ ; in [CNANO_KOMUT_56Q71.BAS] sTx = "LED (#) on   TIK " + Str$(Dec Bk) + "/4   TUR " + Str$(Dec wCyc)
000732 EE01 F11D      01973     lfsr 0,sTx
000736 0E02           01974     movlw ((_strlb__1 >> 8) & 0xFF)
000738 6EF7           01975     movwf TBLPTRLH
00073A 0E1A           01976     movlw (_strlb__1 & 0xFF)
00073C 6EF6           01977     movwf TBLPTRL
00073E ECEE F000      01978     call __load_flashstring_to_RAM_
000742 0E02           01979     movlw 2
000744 6E01           01980     movwf BPFH
000746 51B7           01981     movf Bk,W
000748 EC1A F000      01982     call __dec__ASCII__outb
00074C 0E02           01983     movlw ((_strlb__2 >> 8) & 0xFF)
00074E 6EF7           01984     movwf TBLPTRLH
000750 0E2C           01985     movlw (_strlb__2 & 0xFF)
000752 6EF6           01986     movwf TBLPTRL
000754 ECEE F000      01987     call __load_flashstring_to_RAM_
000758 0E02           01988     movlw 2
00075A 6E01           01989     movwf BPFH
00075C 6A03           01990     clrf GEN4H
00075E C5BA F50F      01991     movff wCycH,PP2H
000762 C5B9 F50E      01992     movff wCyc,PP2
000766 EC1D F000      01993     call __dec__ASCII__out
00076A 6AEF           01994     clrf INDF0
00076C D009           01995     bra _lbl__50
00076E                01996 _lbl__49
  0000076E            01997 F1_000187 equ $ ; in [CNANO_KOMUT_56Q71.BAS] else
  0000076E            01998 F1_000188 equ $ ; in [CNANO_KOMUT_56Q71.BAS] sTx = "LED ( ) off"
00076E EE01 F11D      01999     lfsr 0,sTx
000772 0E02           02000     movlw ((_strlb__3 >> 8) & 0xFF)
000774 6EF7           02001     movwf TBLPTRLH
000776 0E36           02002     movlw (_strlb__3 & 0xFF)
000778 6EF6           02003     movwf TBLPTRL
00077A ECEE F000      02004     call __load_flashstring_to_RAM_
00077E 6AEF           02005     clrf INDF0
  00000780            02006 F1_000189 equ $ ; in [CNANO_KOMUT_56Q71.BAS] endif
000780                02007 _lbl__50
  00000780            02008 F1_000190 equ $ ; in [CNANO_KOMUT_56Q71.BAS] GoSub Tx_Line
000780 D9F2           02009     rcall Tx_Line
  00000782            02010 F1_000191 equ $ ; in [CNANO_KOMUT_56Q71.BAS] endif
000782                02011 _lbl__47
000782 D0C5           02012     bra _lbl__37
000784                02013 _lbl__38
  00000784            02014 F1_000193 equ $ ; in [CNANO_KOMUT_56Q71.BAS] Case cFade
000784 0E02           02015     movlw 2
000786 63AA           02016     cpfseq bMode
000788 D084           02017     bra _lbl__52
  0000078A            02018 F1_000194 equ $ ; in [CNANO_KOMUT_56Q71.BAS] if wT >= 1000 Then
00078A 0EE8           02019     movlw 232
00078C 5DAB           02020     subwf wT,W
00078E 0E03           02021     movlw 3
000790 59AC           02022     subwfb wTH,W
000792 E304           02023     bnc _lbl__54
  00000794            02024 F1_000195 equ $ ; in [CNANO_KOMUT_56Q71.BAS] wT = 0 : Inc wCyc
000794 6BAC           02025     clrf wTH
000796 6BAB           02026     clrf wT
000798 4BB9           02027     infsnz wCyc,F
00079A 2BBA           02028     incf wCycH,F
  0000079C            02029 F1_000196 equ $ ; in [CNANO_KOMUT_56Q71.BAS] endif
00079C                02030 _lbl__54
  0000079C            02031 F1_000197 equ $ ; in [CNANO_KOMUT_56Q71.BAS] wX = wT
00079C C5AC F5AE      02032     movff wTH,wXH
0007A0 C5AB F5AD      02033     movff wT,wX
  000007A4            02034 F1_000198 equ $ ; in [CNANO_KOMUT_56Q71.BAS] if wX >= 500 Then wX = 1000 - wX
0007A4 0EF4           02035     movlw 244
0007A6 5DAD           02036     subwf wX,W
0007A8 0E01           02037     movlw 1
0007AA 59AE           02038     subwfb wXH,W
0007AC E306           02039     bnc _lbl__56
0007AE 51AD           02040     movf wX,W
0007B0 08E8           02041     sublw 232
0007B2 6FAD           02042     movwf wX
0007B4 0E03           02043     movlw 3
0007B6 55AE           02044     subfwb wXH,W
0007B8 6FAE           02045     movwf wXH
0007BA                02046 _lbl__56
  000007BA            02047 F1_000199 equ $ ; in [CNANO_KOMUT_56Q71.BAS] dX = wX
0007BA C5AD F5B3      02048     movff wX,dX
0007BE C5AE F5B4      02049     movff wXH,dXH
0007C2 6BB5           02050     clrf dXHH
0007C4 6BB6           02051     clrf dXHHH
  000007C6            02052 F1_000200 equ $ ; in [CNANO_KOMUT_56Q71.BAS] dX = (dX * dX * 40) / 250000
0007C6 C5B3 F513      02053     movff dX,PP7
0007CA C5B4 F514      02054     movff dXH,PP7H
0007CE C5B5 F515      02055     movff dXHH,PP7HH
0007D2 C5B6 F516      02056     movff dXHHH,PP7HHH
0007D6 C513 F506      02057     movff PP7,PP0
0007DA C514 F507      02058     movff PP7H,PP0H
0007DE C515 F508      02059     movff PP7HH,PP0HH
0007E2 C516 F509      02060     movff PP7HHH,PP0HHH
0007E6 C5B3 F50E      02061     movff dX,PP2
0007EA C5B4 F50F      02062     movff dXH,PP2H
0007EE C5B5 F510      02063     movff dXHH,PP2HH
0007F2 C5B6 F511      02064     movff dXHHH,PP2HHH
0007F6 ECAD F000      02065     call __multiply_u3232_
0007FA C506 F513      02066     movff PP0,PP7
0007FE C507 F514      02067     movff PP0H,PP7H
000802 C508 F515      02068     movff PP0HH,PP7HH
000806 C509 F516      02069     movff PP0HHH,PP7HHH
00080A C513 F506      02070     movff PP7,PP0
00080E C514 F507      02071     movff PP7H,PP0H
000812 C515 F508      02072     movff PP7HH,PP0HH
000816 C516 F509      02073     movff PP7HHH,PP0HHH
00081A 6A11           02074     clrf PP2HHH
00081C 6A10           02075     clrf PP2HH
00081E 6A0F           02076     clrf PP2H
000820 0E28           02077     movlw 40
000822 6E0E           02078     movwf PP2
000824 ECAD F000      02079     call __multiply_u3232_
000828 C506 F513      02080     movff PP0,PP7
00082C C507 F514      02081     movff PP0H,PP7H
000830 C508 F515      02082     movff PP0HH,PP7HH
000834 C509 F516      02083     movff PP0HHH,PP7HHH
000838 C513 F506      02084     movff PP7,PP0
00083C C514 F507      02085     movff PP7H,PP0H
000840 C515 F508      02086     movff PP7HH,PP0HH
000844 C516 F509      02087     movff PP7HHH,PP0HHH
000848 6A11           02088     clrf PP2HHH
00084A 0E03           02089     movlw 3
00084C 6E10           02090     movwf PP2HH
00084E 0ED0           02091     movlw 208
000850 6E0F           02092     movwf PP2H
000852 0E90           02093     movlw 144
000854 6E0E           02094     movwf PP2
000856 EC6B F000      02095     call __divide_u3232_
00085A C506 F5B3      02096     movff PP0,dX
00085E C507 F5B4      02097     movff PP0H,dXH
000862 C508 F5B5      02098     movff PP0HH,dXHH
000866 C509 F5B6      02099     movff PP0HHH,dXHHH
  0000086A            02100 F1_000201 equ $ ; in [CNANO_KOMUT_56Q71.BAS] bDuty = dX
00086A C5B3 F5A9      02101     movff dX,bDuty
  0000086E            02102 F1_000203 equ $ ; in [CNANO_KOMUT_56Q71.BAS] wX = wT // 100
00086E C5AC F507      02103     movff wTH,PP0H
000872 C5AB F506      02104     movff wT,PP0
000876 6A0B           02105     clrf PP1H
000878 0E64           02106     movlw 100
00087A 6E0A           02107     movwf PP1
00087C EC96 F000      02108     call __divide_u1616_
000880 C50F F5AE      02109     movff PP2H,wXH
000884 C50E F5AD      02110     movff PP2,wX
  00000888            02111 F1_000204 equ $ ; in [CNANO_KOMUT_56Q71.BAS] if wX = 0 Then GoSub Tx_Bar
000888 51AE           02112     movf wXH,W
00088A 11AD           02113     iorwf wX,W
00088C E101           02114     bnz _lbl__58
00088E D91D           02115     rcall Tx_Bar
000890                02116 _lbl__58
000890 D03E           02117     bra _lbl__37
000892                02118 _lbl__52
  00000892            02119 F1_000206 equ $ ; in [CNANO_KOMUT_56Q71.BAS] Case cStream
000892 0E03           02120     movlw 3
000894 63AA           02121     cpfseq bMode
000896 D03B           02122     bra _lbl__60
  00000898            02123 F1_000207 equ $ ; in [CNANO_KOMUT_56Q71.BAS] if wT >= wNext Then
000898 51AF           02124     movf wNext,W
00089A 5DAB           02125     subwf wT,W
00089C 51B0           02126     movf wNextH,W
00089E 59AC           02127     subwfb wTH,W
0008A0 E336           02128     bnc _lbl__62
  000008A2            02129 F1_000208 equ $ ; in [CNANO_KOMUT_56Q71.BAS] if wT >= 60000 Then
0008A2 0E60           02130     movlw 96
0008A4 5DAB           02131     subwf wT,W
0008A6 0EEA           02132     movlw 234
0008A8 59AC           02133     subwfb wTH,W
0008AA E304           02134     bnc _lbl__64
  000008AC            02135 F1_000209 equ $ ; in [CNANO_KOMUT_56Q71.BAS] wT = 0 : wNext = 0
0008AC 6BAC           02136     clrf wTH
0008AE 6BAB           02137     clrf wT
0008B0 6BB0           02138     clrf wNextH
0008B2 6BAF           02139     clrf wNext
  000008B4            02140 F1_000210 equ $ ; in [CNANO_KOMUT_56Q71.BAS] endif
0008B4                02141 _lbl__64
  000008B4            02142 F1_000211 equ $ ; in [CNANO_KOMUT_56Q71.BAS] Inc wN
0008B4 4BB1           02143     infsnz wN,F
0008B6 2BB2           02144     incf wNH,F
  000008B8            02145 F1_000212 equ $ ; in [CNANO_KOMUT_56Q71.BAS] bSw = PORTA.0
0008B8 6BB8           02146     clrf bSw
0008BA 0101           02147     movlb 0x01
0008BC B150           02148     btfsc PORTA,0
0008BE 0105           02149     movlb 0x05
0008C0 2BB8           02150     incf bSw,F
  000008C2            02151 F1_000213 equ $ ; in [CNANO_KOMUT_56Q71.BAS] sTx = "DATA " + Str$(Dec wN) + "  SW0=" + Str$(Dec bSw)
0008C2 EE01 F11D      02152     lfsr 0,sTx
0008C6 0E44           02153     movlw 68
0008C8 6EEE           02154     movwf POSTINC0
0008CA 0E41           02155     movlw 65
0008CC 6EEE           02156     movwf POSTINC0
0008CE 0E54           02157     movlw 84
0008D0 6EEE           02158     movwf POSTINC0
0008D2 0E41           02159     movlw 65
0008D4 6EEE           02160     movwf POSTINC0
0008D6 0E20           02161     movlw 32
0008D8 6EEE           02162     movwf POSTINC0
0008DA 0E02           02163     movlw 2
0008DC 6E01           02164     movwf BPFH
0008DE 6A03           02165     clrf GEN4H
0008E0 C5B2 F50F      02166     movff wNH,PP2H
0008E4 C5B1 F50E      02167     movff wN,PP2
0008E8 EC1D F000      02168     call __dec__ASCII__out
0008EC 0E02           02169     movlw ((_strlb__4 >> 8) & 0xFF)
0008EE 6EF7           02170     movwf TBLPTRLH
0008F0 0E42           02171     movlw (_strlb__4 & 0xFF)
0008F2 6EF6           02172     movwf TBLPTRL
0008F4 ECEE F000      02173     call __load_flashstring_to_RAM_
0008F8 0E02           02174     movlw 2
0008FA 6E01           02175     movwf BPFH
0008FC 51B8           02176     movf bSw,W
0008FE EC1A F000      02177     call __dec__ASCII__outb
000902 6AEF           02178     clrf INDF0
  00000904            02179 F1_000214 equ $ ; in [CNANO_KOMUT_56Q71.BAS] GoSub Tx_Line
000904 D930           02180     rcall Tx_Line
  00000906            02181 F1_000215 equ $ ; in [CNANO_KOMUT_56Q71.BAS] wNext = wNext + 250
000906 0EFA           02182     movlw 250
000908 27AF           02183     addwf wNext,F
00090A 0E00           02184     movlw 0
00090C 23B0           02185     addwfc wNextH,F
  0000090E            02186 F1_000216 equ $ ; in [CNANO_KOMUT_56Q71.BAS] endif
00090E                02187 _lbl__62
  0000090E            02188 F1_000217 equ $ ; in [CNANO_KOMUT_56Q71.BAS] EndSelect
00090E                02189 _lbl__60
00090E                02190 _lbl__37
  0000090E            02191 F1_000218 equ $ ; in [CNANO_KOMUT_56Q71.BAS] return
00090E 0012           02192     return 0
000910                02193 Do_Command
  00000910            02194 F1_000222 equ $ ; in [CNANO_KOMUT_56Q71.BAS] sLow = ToLower(sCmd)
000910 EE01 F190      02195     lfsr 0,sLow
000914 EE11 F17E      02196     lfsr 1,sCmd
000918 ECF7 F000      02197     call _to__lower_
  0000091C            02198 F1_000223 equ $ ; in [CNANO_KOMUT_56Q71.BAS] if bLen = 1 And bRaw = $53 Then
00091C 0E01           02199     movlw 1
00091E 5DA2           02200     subwf bLen,W
000920 0E01           02201     movlw 1
000922 A4D8           02202     btfss STATUS,2
000924 0E00           02203     movlw 0
000926 6E1B           02204     movwf SP__P9_
000928 0E53           02205     movlw 83
00092A 5DA3           02206     subwf bRaw,W
00092C 0E01           02207     movlw 1
00092E A4D8           02208     btfss STATUS,2
000930 0E00           02209     movlw 0
000932 161B           02210     andwf SP__P9_,F
000934 E015           02211     bz _lbl__66
  00000936            02212 F1_000224 equ $ ; in [CNANO_KOMUT_56Q71.BAS] GoSub Stop_All
000936 D8A3           02213     rcall Stop_All
  00000938            02214 F1_000225 equ $ ; in [CNANO_KOMUT_56Q71.BAS] bMode = cFade : wT = 0 : bPhase = 0 : bDuty = 0 : wCyc = 1
000938 0E02           02215     movlw 2
00093A 6FAA           02216     movwf bMode
00093C 6BAC           02217     clrf wTH
00093E 6BAB           02218     clrf wT
000940 6BA8           02219     clrf bPhase
000942 6BA9           02220     clrf bDuty
000944 6BBA           02221     clrf wCycH
000946 0E01           02222     movlw 1
000948 6FB9           02223     movwf wCyc
  0000094A            02224 F1_000226 equ $ ; in [CNANO_KOMUT_56Q71.BAS] sTx = "OK 53: LED PWM 0->MAX->0 (500+500 MS), Stop ILE DURUR" : GoSub Tx_Line
00094A EE01 F11D      02225     lfsr 0,sTx
00094E 0E02           02226     movlw ((_strlb__5 >> 8) & 0xFF)
000950 6EF7           02227     movwf TBLPTRLH
000952 0E4A           02228     movlw (_strlb__5 & 0xFF)
000954 6EF6           02229     movwf TBLPTRL
000956 ECEE F000      02230     call __load_flashstring_to_RAM_
00095A 6AEF           02231     clrf INDF0
00095C D904           02232     rcall Tx_Line
00095E D089           02233     bra _lbl__67
000960                02234 _lbl__66
  00000960            02235 F1_000227 equ $ ; in [CNANO_KOMUT_56Q71.BAS] else
  00000960            02236 F1_000228 equ $ ; in [CNANO_KOMUT_56Q71.BAS] Select sLow
  00000960            02237 F1_000229 equ $ ; in [CNANO_KOMUT_56Q71.BAS] Case "OKMN"
000960 0E02           02238     movlw ((_strlb__6 >> 8) & 0xFF)
000962 6EF7           02239     movwf TBLPTRLH
000964 0E80           02240     movlw (_strlb__6 & 0xFF)
000966 6EF6           02241     movwf TBLPTRL
000968 EE01 F190      02242     lfsr 0,sLow
00096C EC03 F001      02243     call _FlashStr_RAMStr_Compare_
000970 E112           02244     bnz _lbl__69
  00000972            02245 F1_000230 equ $ ; in [CNANO_KOMUT_56Q71.BAS] GoSub Stop_All
000972 D885           02246     rcall Stop_All
  00000974            02247 F1_000231 equ $ ; in [CNANO_KOMUT_56Q71.BAS] bMode = cBlink : wT = 0 : wCyc = 1
000974 0E01           02248     movlw 1
000976 6FAA           02249     movwf bMode
000978 6BAC           02250     clrf wTH
00097A 6BAB           02251     clrf wT
00097C 6BBA           02252     clrf wCycH
00097E 6FB9           02253     movwf wCyc
  00000980            02254 F1_000232 equ $ ; in [CNANO_KOMUT_56Q71.BAS] sTx = "OK OKMN: LED TIK-TIK-TIK-TIK + 300 MS, Stop ILE DURUR" : GoSub Tx_Line
000980 EE01 F11D      02255     lfsr 0,sTx
000984 0E02           02256     movlw ((_strlb__7 >> 8) & 0xFF)
000986 6EF7           02257     movwf TBLPTRLH
000988 0E86           02258     movlw (_strlb__7 & 0xFF)
00098A 6EF6           02259     movwf TBLPTRL
00098C ECEE F000      02260     call __load_flashstring_to_RAM_
000990 6AEF           02261     clrf INDF0
000992 D8E9           02262     rcall Tx_Line
000994 D06E           02263     bra _lbl__68
000996                02264 _lbl__69
  00000996            02265 F1_000233 equ $ ; in [CNANO_KOMUT_56Q71.BAS] Case "COME"
000996 0E02           02266     movlw ((_strlb__8 >> 8) & 0xFF)
000998 6EF7           02267     movwf TBLPTRLH
00099A 0EBC           02268     movlw (_strlb__8 & 0xFF)
00099C 6EF6           02269     movwf TBLPTRL
00099E EE01 F190      02270     lfsr 0,sLow
0009A2 EC03 F001      02271     call _FlashStr_RAMStr_Compare_
0009A6 E114           02272     bnz _lbl__72
  000009A8            02273 F1_000234 equ $ ; in [CNANO_KOMUT_56Q71.BAS] GoSub Stop_All
0009A8 D86A           02274     rcall Stop_All
  000009AA            02275 F1_000235 equ $ ; in [CNANO_KOMUT_56Q71.BAS] bMode = cStream : wT = 0 : wNext = 0 : wN = 0
0009AA 0E03           02276     movlw 3
0009AC 6FAA           02277     movwf bMode
0009AE 6BAC           02278     clrf wTH
0009B0 6BAB           02279     clrf wT
0009B2 6BB0           02280     clrf wNextH
0009B4 6BAF           02281     clrf wNext
0009B6 6BB2           02282     clrf wNH
0009B8 6BB1           02283     clrf wN
  000009BA            02284 F1_000236 equ $ ; in [CNANO_KOMUT_56Q71.BAS] sTx = "OK COME: DATA HER 250 MS, Stop ILE DURUR" : GoSub Tx_Line
0009BA EE01 F11D      02285     lfsr 0,sTx
0009BE 0E02           02286     movlw ((_strlb__9 >> 8) & 0xFF)
0009C0 6EF7           02287     movwf TBLPTRLH
0009C2 0EC2           02288     movlw (_strlb__9 & 0xFF)
0009C4 6EF6           02289     movwf TBLPTRL
0009C6 ECEE F000      02290     call __load_flashstring_to_RAM_
0009CA 6AEF           02291     clrf INDF0
0009CC D8CC           02292     rcall Tx_Line
0009CE D051           02293     bra _lbl__68
0009D0                02294 _lbl__72
  000009D0            02295 F1_000237 equ $ ; in [CNANO_KOMUT_56Q71.BAS] Case "Stop"
0009D0 0E02           02296     movlw ((_strlb__10 >> 8) & 0xFF)
0009D2 6EF7           02297     movwf TBLPTRLH
0009D4 0EEC           02298     movlw (_strlb__10 & 0xFF)
0009D6 6EF6           02299     movwf TBLPTRL
0009D8 EE01 F190      02300     lfsr 0,sLow
0009DC EC03 F001      02301     call _FlashStr_RAMStr_Compare_
0009E0 E10C           02302     bnz _lbl__74
  000009E2            02303 F1_000238 equ $ ; in [CNANO_KOMUT_56Q71.BAS] GoSub Stop_All
0009E2 D84D           02304     rcall Stop_All
  000009E4            02305 F1_000239 equ $ ; in [CNANO_KOMUT_56Q71.BAS] sTx = "OK Stop: BEKLIYOR / WAITING" : GoSub Tx_Line
0009E4 EE01 F11D      02306     lfsr 0,sTx
0009E8 0E02           02307     movlw ((_strlb__11 >> 8) & 0xFF)
0009EA 6EF7           02308     movwf TBLPTRLH
0009EC 0EF2           02309     movlw (_strlb__11 & 0xFF)
0009EE 6EF6           02310     movwf TBLPTRL
0009F0 ECEE F000      02311     call __load_flashstring_to_RAM_
0009F4 6AEF           02312     clrf INDF0
0009F6 D8B7           02313     rcall Tx_Line
0009F8 D03C           02314     bra _lbl__68
0009FA                02315 _lbl__74
  000009FA            02316 F1_000240 equ $ ; in [CNANO_KOMUT_56Q71.BAS] Case "HELP"
0009FA 0E03           02317     movlw ((_strlb__12 >> 8) & 0xFF)
0009FC 6EF7           02318     movwf TBLPTRLH
0009FE 0E0E           02319     movlw (_strlb__12 & 0xFF)
000A00 6EF6           02320     movwf TBLPTRL
000A02 EE01 F190      02321     lfsr 0,sLow
000A06 EC03 F001      02322     call _FlashStr_RAMStr_Compare_
000A0A E102           02323     bnz _lbl__76
  00000A0C            02324 F1_000241 equ $ ; in [CNANO_KOMUT_56Q71.BAS] GoSub Tx_Help
000A0C D8C6           02325     rcall Tx_Help
000A0E D031           02326     bra _lbl__68
000A10                02327 _lbl__76
  00000A10            02328 F1_000242 equ $ ; in [CNANO_KOMUT_56Q71.BAS] Case "?"
000A10 EE01 F190      02329     lfsr 0,sLow
000A14 C4EE F4F3      02330     movff POSTINC0,PRODL
000A18 C4EF F4F4      02331     movff INDF0,PRODH
000A1C 50F3           02332     movf PRODL,W
000A1E 0A3F           02333     xorlw 63
000A20 10F4           02334     iorwf PRODLH,W
000A22 E102           02335     bnz _lbl__78
  00000A24            02336 F1_000243 equ $ ; in [CNANO_KOMUT_56Q71.BAS] GoSub Tx_Help
000A24 D8BA           02337     rcall Tx_Help
  00000A26            02338 F1_000244 equ $ ; in [CNANO_KOMUT_56Q71.BAS] Case else
000A26 D025           02339     bra _lbl__80
000A28                02340 _lbl__78
  00000A28            02341 F1_000245 equ $ ; in [CNANO_KOMUT_56Q71.BAS] sTx = "? BILINMEYEN KOMUT / UNKNOWN: " + sCmd + "  (Hex " + Str$(Hex2 bRaw) + "...)  -> HELP" : GoSub Tx_Line
000A28 EE01 F11D      02342     lfsr 0,sTx
000A2C 0E03           02343     movlw ((_strlb__13 >> 8) & 0xFF)
000A2E 6EF7           02344     movwf TBLPTRLH
000A30 0E14           02345     movlw (_strlb__13 & 0xFF)
000A32 6EF6           02346     movwf TBLPTRL
000A34 ECEE F000      02347     call __load_flashstring_to_RAM_
000A38 EE11 F17E      02348     lfsr 1,sCmd
000A3C 0E11           02349     movlw 17
000A3E                02350 _pblb__81
000A3E 52E7           02351     movf INDF1,F
000A40 E004           02352     bz _pblb__82
000A42 C4E6 F4EE      02353     movff POSTINC1,POSTINC0
000A46 2EE8           02354     decfsz WREG,F
000A48 D7FA           02355     bra _pblb__81
000A4A                02356 _pblb__82
000A4A 0E03           02357     movlw ((_strlb__14 >> 8) & 0xFF)
000A4C 6EF7           02358     movwf TBLPTRLH
000A4E 0E34           02359     movlw (_strlb__14 & 0xFF)
000A50 6EF6           02360     movwf TBLPTRL
000A52 ECEE F000      02361     call __load_flashstring_to_RAM_
000A56 0E02           02362     movlw 2
000A58 6E01           02363     movwf BPFH
000A5A 6E03           02364     movwf GEN4H
000A5C 51A3           02365     movf bRaw,W
000A5E EC05 F000      02366     call __hex__ASCII__outc
000A62 0E03           02367     movlw ((_strlb__15 >> 8) & 0xFF)
000A64 6EF7           02368     movwf TBLPTRLH
000A66 0E3C           02369     movlw (_strlb__15 & 0xFF)
000A68 6EF6           02370     movwf TBLPTRL
000A6A ECEE F000      02371     call __load_flashstring_to_RAM_
000A6E 6AEF           02372     clrf INDF0
000A70 D87A           02373     rcall Tx_Line
  00000A72            02374 F1_000246 equ $ ; in [CNANO_KOMUT_56Q71.BAS] EndSelect
000A72                02375 _lbl__80
000A72                02376 _lbl__68
  00000A72            02377 F1_000247 equ $ ; in [CNANO_KOMUT_56Q71.BAS] endif
000A72                02378 _lbl__67
  00000A72            02379 F1_000248 equ $ ; in [CNANO_KOMUT_56Q71.BAS] bLen = 0 : sCmd = "" : bIdle = 0
000A72 6BA2           02380     clrf bLen
000A74 EE01 F17E      02381     lfsr 0,sCmd
000A78 6AEF           02382     clrf INDF0
000A7A 6BA7           02383     clrf bIdle
  00000A7C            02384 F1_000249 equ $ ; in [CNANO_KOMUT_56Q71.BAS] return
000A7C 0012           02385     return 0
000A7E                02386 Stop_All
  00000A7E            02387 F1_000252 equ $ ; in [CNANO_KOMUT_56Q71.BAS] if bMode <> cIdle Then
000A7E 53AA           02388     movf bMode,F
000A80 E00A           02389     bz _lbl__84
  00000A82            02390 F1_000253 equ $ ; in [CNANO_KOMUT_56Q71.BAS] sTx = "-- DURDU / STOPPED --" : GoSub Tx_Line
000A82 EE01 F11D      02391     lfsr 0,sTx
000A86 0E03           02392     movlw ((_strlb__16 >> 8) & 0xFF)
000A88 6EF7           02393     movwf TBLPTRLH
000A8A 0E4A           02394     movlw (_strlb__16 & 0xFF)
000A8C 6EF6           02395     movwf TBLPTRL
000A8E ECEE F000      02396     call __load_flashstring_to_RAM_
000A92 6AEF           02397     clrf INDF0
000A94 D868           02398     rcall Tx_Line
  00000A96            02399 F1_000254 equ $ ; in [CNANO_KOMUT_56Q71.BAS] endif
000A96                02400 _lbl__84
  00000A96            02401 F1_000255 equ $ ; in [CNANO_KOMUT_56Q71.BAS] bMode = cIdle : bDuty = 0 : bLedOn = 0 : bLedWas = 0
000A96 6BAA           02402     clrf bMode
000A98 6BA9           02403     clrf bDuty
000A9A 921C           02404     bcf _B__VR1,1
000A9C 941C           02405     bcf _B__VR1,2
  00000A9E            02406 F1_000256 equ $ ; in [CNANO_KOMUT_56Q71.BAS] GoSub Led_Out
000A9E D000           02407     bra Led_Out
000AA0                02408 Led_Out
  00000AA0            02409 F1_000260 equ $ ; in [CNANO_KOMUT_56Q71.BAS] if bLedOn = 1 Then
000AA0 A21C           02410     btfss _B__VR1,1,0
000AA2 D004           02411     bra _lbl__86
  00000AA4            02412 F1_000261 equ $ ; in [CNANO_KOMUT_56Q71.BAS] LATD.0 = 1
000AA4 0101           02413     movlb 0x01
000AA6 8143           02414     bsf LATD,0
000AA8 0105           02415     movlb 0x05
000AAA D002           02416     bra _lbl__87
000AAC                02417 _lbl__86
  00000AAC            02418 F1_000262 equ $ ; in [CNANO_KOMUT_56Q71.BAS] else
  00000AAC            02419 F1_000263 equ $ ; in [CNANO_KOMUT_56Q71.BAS] LATD.0 = 0
000AAC 0101           02420     movlb 0x01
000AAE 9143           02421     bcf LATD,0
  00000AB0            02422 F1_000264 equ $ ; in [CNANO_KOMUT_56Q71.BAS] endif
000AB0                02423 _lbl__87
000AB0 0105           02424     movlb 0x05
  00000AB2            02425 F1_000265 equ $ ; in [CNANO_KOMUT_56Q71.BAS] if bWires = 1 Then return
000AB2 B61C           02426     btfsc _B__VR1,3,0
000AB4 0012           02427     return 0
000AB6                02428 _lbl__89
  00000AB6            02429 F1_000266 equ $ ; in [CNANO_KOMUT_56Q71.BAS] if bLedOn = 1 Then
000AB6 A21C           02430     btfss _B__VR1,1,0
000AB8 D004           02431     bra _lbl__91
  00000ABA            02432 F1_000267 equ $ ; in [CNANO_KOMUT_56Q71.BAS] LATC.7 = 0
000ABA 0101           02433     movlb 0x01
000ABC 9F42           02434     bcf LATC,7
000ABE 0105           02435     movlb 0x05
000AC0 D002           02436     bra _lbl__92
000AC2                02437 _lbl__91
  00000AC2            02438 F1_000268 equ $ ; in [CNANO_KOMUT_56Q71.BAS] else
  00000AC2            02439 F1_000269 equ $ ; in [CNANO_KOMUT_56Q71.BAS] LATC.7 = 1
000AC2 0101           02440     movlb 0x01
000AC4 8F42           02441     bsf LATC,7
  00000AC6            02442 F1_000270 equ $ ; in [CNANO_KOMUT_56Q71.BAS] endif
000AC6                02443 _lbl__92
000AC6 0105           02444     movlb 0x05
  00000AC8            02445 F1_000271 equ $ ; in [CNANO_KOMUT_56Q71.BAS] return
000AC8 0012           02446     return 0
000ACA                02447 Tx_Bar
  00000ACA            02448 F1_000274 equ $ ; in [CNANO_KOMUT_56Q71.BAS] sTx = "LED ["
000ACA EE01 F11D      02449     lfsr 0,sTx
000ACE 0E4C           02450     movlw 76
000AD0 6EEE           02451     movwf POSTINC0
000AD2 0E45           02452     movlw 69
000AD4 6EEE           02453     movwf POSTINC0
000AD6 0E44           02454     movlw 68
000AD8 6EEE           02455     movwf POSTINC0
000ADA 0E20           02456     movlw 32
000ADC 6EEE           02457     movwf POSTINC0
000ADE 0E5B           02458     movlw 91
000AE0 6EEE           02459     movwf POSTINC0
000AE2 6AEF           02460     clrf INDF0
  00000AE4            02461 F1_000275 equ $ ; in [CNANO_KOMUT_56Q71.BAS] bI = 0
000AE4 6BA5           02462     clrf bI
  00000AE6            02463 F1_000276 equ $ ; in [CNANO_KOMUT_56Q71.BAS] While bI < 20
000AE6                02464 _lbl__93
000AE6 0E14           02465     movlw 20
000AE8 61A5           02466     cpfslt bI
000AEA D01C           02467     bra _lbl__94
  00000AEC            02468 F1_000277 equ $ ; in [CNANO_KOMUT_56Q71.BAS] if bI < (bDuty / 2) Then
000AEC 90D8           02469     bcf STATUS,0
000AEE 31A9           02470     rrcf bDuty,W
000AF0 6E04           02471     movwf PBS_VAR0
000AF2 6A05           02472     clrf PBS_VAR0H
000AF4 5205           02473     movf PBS_VAR0H,F
000AF6 E103           02474     bnz _cplb__8
000AF8 5004           02475     movf PBS_VAR0,W
000AFA 61A5           02476     cpfslt bI
000AFC D009           02477     bra _lbl__96
000AFE                02478 _cplb__8
  00000AFE            02479 F1_000278 equ $ ; in [CNANO_KOMUT_56Q71.BAS] sTx = sTx + "#"
000AFE EE01 F11D      02480     lfsr 0,sTx
000B02 50EE           02481     movf POSTINC0,W
000B04 E1FE           02482     bnz $ - 2
000B06 52ED           02483     movf POSTDEC0,F
000B08 0E23           02484     movlw 35
000B0A 6EEE           02485     movwf POSTINC0
000B0C 6AEF           02486     clrf INDF0
000B0E D008           02487     bra _lbl__97
000B10                02488 _lbl__96
  00000B10            02489 F1_000279 equ $ ; in [CNANO_KOMUT_56Q71.BAS] else
  00000B10            02490 F1_000280 equ $ ; in [CNANO_KOMUT_56Q71.BAS] sTx = sTx + "-"
000B10 EE01 F11D      02491     lfsr 0,sTx
000B14 50EE           02492     movf POSTINC0,W
000B16 E1FE           02493     bnz $ - 2
000B18 52ED           02494     movf POSTDEC0,F
000B1A 0E2D           02495     movlw 45
000B1C 6EEE           02496     movwf POSTINC0
000B1E 6AEF           02497     clrf INDF0
  00000B20            02498 F1_000281 equ $ ; in [CNANO_KOMUT_56Q71.BAS] endif
000B20                02499 _lbl__97
  00000B20            02500 F1_000282 equ $ ; in [CNANO_KOMUT_56Q71.BAS] Inc bI
000B20 2BA5           02501     incf bI,F
  00000B22            02502 F1_000283 equ $ ; in [CNANO_KOMUT_56Q71.BAS] Wend
000B22 D7E1           02503     bra _lbl__93
000B24                02504 _lbl__94
  00000B24            02505 F1_000284 equ $ ; in [CNANO_KOMUT_56Q71.BAS] Bk = bDuty * 5
000B24 51A9           02506     movf bDuty,W
000B26 0D05           02507     mullw 5
000B28 C4F3 F5B7      02508     movff PRODL,Bk
  00000B2C            02509 F1_000285 equ $ ; in [CNANO_KOMUT_56Q71.BAS] Bk = Bk / 2
000B2C 90D8           02510     bcf STATUS,0
000B2E 33B7           02511     rrcf Bk,F
  00000B30            02512 F1_000286 equ $ ; in [CNANO_KOMUT_56Q71.BAS] sTx = sTx + "] " + Str$(Dec Bk) + " %"
000B30 EE01 F11D      02513     lfsr 0,sTx
000B34 50EE           02514     movf POSTINC0,W
000B36 E1FE           02515     bnz $ - 2
000B38 52ED           02516     movf POSTDEC0,F
000B3A 0E5D           02517     movlw 93
000B3C 6EEE           02518     movwf POSTINC0
000B3E 0E20           02519     movlw 32
000B40 6EEE           02520     movwf POSTINC0
000B42 0E02           02521     movlw 2
000B44 6E01           02522     movwf BPFH
000B46 51B7           02523     movf Bk,W
000B48 EC1A F000      02524     call __dec__ASCII__outb
000B4C 0E20           02525     movlw 32
000B4E 6EEE           02526     movwf POSTINC0
000B50 0E25           02527     movlw 37
000B52 6EEE           02528     movwf POSTINC0
000B54 6AEF           02529     clrf INDF0
  00000B56            02530 F1_000287 equ $ ; in [CNANO_KOMUT_56Q71.BAS] GoSub Tx_Line
000B56 D007           02531     bra Tx_Line
000B58                02532 Tx_Char
  00000B58            02533 F1_000292 equ $ ; in [CNANO_KOMUT_56Q71.BAS] Repeat : Until U2FIFO.4 = 0
000B58                02534 _lbl__98
000B58 C2C3 F4E8      02535     movff U2FIFO,WREG
000B5C B8E8           02536     btfsc WREG,4
000B5E D7FC           02537     bra _lbl__98
000B60                02538 _lbl__99
  00000B60            02539 F1_000293 equ $ ; in [CNANO_KOMUT_56Q71.BAS] U2TXB = bChar
000B60 C5A4 F2B6      02540     movff bChar,U2TXB
  00000B64            02541 F1_000294 equ $ ; in [CNANO_KOMUT_56Q71.BAS] return
000B64 0012           02542     return 0
000B66                02543 Tx_Line
  00000B66            02544 F1_000297 equ $ ; in [CNANO_KOMUT_56Q71.BAS] bI = 0
000B66 6BA5           02545     clrf bI
  00000B68            02546 F1_000298 equ $ ; in [CNANO_KOMUT_56Q71.BAS] While bI < Len(sTx)
000B68                02547 _lbl__101
000B68 EE01 F11D      02548     lfsr 0,sTx
000B6C 0E00           02549     movlw 0
000B6E 52EE           02550     movf POSTINC0,F
000B70 E002           02551     bz $ + 6
000B72 3EE8           02552     incfsz WREG,F
000B74 D7FC           02553     bra $ - 6
000B76 6E04           02554     movwf PBS_VAR0
000B78 5004           02555     movf PBS_VAR0,W
000B7A 61A5           02556     cpfslt bI
000B7C D008           02557     bra _lbl__102
  00000B7E            02558 F1_000299 equ $ ; in [CNANO_KOMUT_56Q71.BAS] bChar = sTx[bI] : GoSub Tx_Char
000B7E EE01 F11D      02559     lfsr 0,sTx
000B82 51A5           02560     movf bI,W
000B84 50EB           02561     movf PLUSW0,W
000B86 6FA4           02562     movwf bChar
000B88 DFE7           02563     rcall Tx_Char
  00000B8A            02564 F1_000300 equ $ ; in [CNANO_KOMUT_56Q71.BAS] Inc bI
000B8A 2BA5           02565     incf bI,F
  00000B8C            02566 F1_000301 equ $ ; in [CNANO_KOMUT_56Q71.BAS] Wend
000B8C D7ED           02567     bra _lbl__101
000B8E                02568 _lbl__102
  00000B8E            02569 F1_000302 equ $ ; in [CNANO_KOMUT_56Q71.BAS] bChar = 13 : GoSub Tx_Char
000B8E 0E0D           02570     movlw 13
000B90 6FA4           02571     movwf bChar
000B92 DFE2           02572     rcall Tx_Char
  00000B94            02573 F1_000303 equ $ ; in [CNANO_KOMUT_56Q71.BAS] bChar = 10 : GoSub Tx_Char
000B94 0E0A           02574     movlw 10
000B96 6FA4           02575     movwf bChar
000B98 D7DF           02576     bra Tx_Char
000B9A                02577 Tx_Help
  00000B9A            02578 F1_000307 equ $ ; in [CNANO_KOMUT_56Q71.BAS] sTx = "CNANO_KOMUT 56Q71 HAZIR / READY" : GoSub Tx_Line
000B9A EE01 F11D      02579     lfsr 0,sTx
000B9E 0E03           02580     movlw ((_strlb__17 >> 8) & 0xFF)
000BA0 6EF7           02581     movwf TBLPTRLH
000BA2 0E60           02582     movlw (_strlb__17 & 0xFF)
000BA4 6EF6           02583     movwf TBLPTRL
000BA6 ECEE F000      02584     call __load_flashstring_to_RAM_
000BAA 6AEF           02585     clrf INDF0
000BAC DFDC           02586     rcall Tx_Line
  00000BAE            02587 F1_000308 equ $ ; in [CNANO_KOMUT_56Q71.BAS] if bKnown = 0 Then
000BAE B81C           02588     btfsc _B__VR1,4,0
000BB0 D00B           02589     bra _lbl__104
  00000BB2            02590 F1_000309 equ $ ; in [CNANO_KOMUT_56Q71.BAS] sTx = "  KABLO DURUMU ILK KOMUTTA BELIRLENIR / WIRE CHECK At THE FIRST COMMAND" : GoSub Tx_Line
000BB2 EE01 F11D      02591     lfsr 0,sTx
000BB6 0E03           02592     movlw ((_strlb__18 >> 8) & 0xFF)
000BB8 6EF7           02593     movwf TBLPTRLH
000BBA 0E80           02594     movlw (_strlb__18 & 0xFF)
000BBC 6EF6           02595     movwf TBLPTRL
000BBE ECEE F000      02596     call __load_flashstring_to_RAM_
000BC2 6AEF           02597     clrf INDF0
000BC4 DFD0           02598     rcall Tx_Line
000BC6 D017           02599     bra _lbl__105
000BC8                02600 _lbl__104
  00000BC8            02601 F1_000310 equ $ ; in [CNANO_KOMUT_56Q71.BAS] else
  00000BC8            02602 F1_000311 equ $ ; in [CNANO_KOMUT_56Q71.BAS] if bWires = 1 Then
000BC8 A61C           02603     btfss _B__VR1,3,0
000BCA D00B           02604     bra _lbl__107
  00000BCC            02605 F1_000312 equ $ ; in [CNANO_KOMUT_56Q71.BAS] sTx = "  KABLOLU (RB5-RC7) / WIRE FITTED: LED0 SURULMEZ, LED BURADA GOSTERILIR" : GoSub Tx_Line
000BCC EE01 F11D      02606     lfsr 0,sTx
000BD0 0E03           02607     movlw ((_strlb__19 >> 8) & 0xFF)
000BD2 6EF7           02608     movwf TBLPTRLH
000BD4 0EC8           02609     movlw (_strlb__19 & 0xFF)
000BD6 6EF6           02610     movwf TBLPTRL
000BD8 ECEE F000      02611     call __load_flashstring_to_RAM_
000BDC 6AEF           02612     clrf INDF0
000BDE DFC3           02613     rcall Tx_Line
000BE0 D00A           02614     bra _lbl__108
000BE2                02615 _lbl__107
  00000BE2            02616 F1_000313 equ $ ; in [CNANO_KOMUT_56Q71.BAS] else
  00000BE2            02617 F1_000314 equ $ ; in [CNANO_KOMUT_56Q71.BAS] sTx = "  KABLOSUZ / NO WIRE: LED0 KULLANILIYOR (+ BURADA GOSTERILIR)" : GoSub Tx_Line
000BE2 EE01 F11D      02618     lfsr 0,sTx
000BE6 0E04           02619     movlw ((_strlb__20 >> 8) & 0xFF)
000BE8 6EF7           02620     movwf TBLPTRLH
000BEA 0E10           02621     movlw (_strlb__20 & 0xFF)
000BEC 6EF6           02622     movwf TBLPTRL
000BEE ECEE F000      02623     call __load_flashstring_to_RAM_
000BF2 6AEF           02624     clrf INDF0
000BF4 DFB8           02625     rcall Tx_Line
  00000BF6            02626 F1_000315 equ $ ; in [CNANO_KOMUT_56Q71.BAS] endif
000BF6                02627 _lbl__108
  00000BF6            02628 F1_000316 equ $ ; in [CNANO_KOMUT_56Q71.BAS] endif
000BF6                02629 _lbl__105
  00000BF6            02630 F1_000317 equ $ ; in [CNANO_KOMUT_56Q71.BAS] sTx = "  OKMN  (METIN/TEXT)  LED TIK X4 + 300 MS, SUREKLI" : GoSub Tx_Line
000BF6 EE01 F11D      02631     lfsr 0,sTx
000BFA 0E04           02632     movlw ((_strlb__21 >> 8) & 0xFF)
000BFC 6EF7           02633     movwf TBLPTRLH
000BFE 0E4E           02634     movlw (_strlb__21 & 0xFF)
000C00 6EF6           02635     movwf TBLPTRL
000C02 ECEE F000      02636     call __load_flashstring_to_RAM_
000C06 6AEF           02637     clrf INDF0
000C08 DFAE           02638     rcall Tx_Line
  00000C0A            02639 F1_000318 equ $ ; in [CNANO_KOMUT_56Q71.BAS] sTx = "  53    (Hex)         LED PWM FADE, SUREKLI" : GoSub Tx_Line
000C0A EE01 F11D      02640     lfsr 0,sTx
000C0E 0E04           02641     movlw ((_strlb__22 >> 8) & 0xFF)
000C10 6EF7           02642     movwf TBLPTRLH
000C12 0E82           02643     movlw (_strlb__22 & 0xFF)
000C14 6EF6           02644     movwf TBLPTRL
000C16 ECEE F000      02645     call __load_flashstring_to_RAM_
000C1A 6AEF           02646     clrf INDF0
000C1C DFA4           02647     rcall Tx_Line
  00000C1E            02648 F1_000319 equ $ ; in [CNANO_KOMUT_56Q71.BAS] sTx = "  COME  (METIN/TEXT)  DATA HER 250 MS, SUREKLI" : GoSub Tx_Line
000C1E EE01 F11D      02649     lfsr 0,sTx
000C22 0E04           02650     movlw ((_strlb__23 >> 8) & 0xFF)
000C24 6EF7           02651     movwf TBLPTRLH
000C26 0EAE           02652     movlw (_strlb__23 & 0xFF)
000C28 6EF6           02653     movwf TBLPTRL
000C2A ECEE F000      02654     call __load_flashstring_to_RAM_
000C2E 6AEF           02655     clrf INDF0
000C30 DF9A           02656     rcall Tx_Line
  00000C32            02657 F1_000320 equ $ ; in [CNANO_KOMUT_56Q71.BAS] sTx = "  Stop  DURDURUR      HELP  BU LISTE" : GoSub Tx_Line
000C32 EE01 F11D      02658     lfsr 0,sTx
000C36 0E04           02659     movlw ((_strlb__24 >> 8) & 0xFF)
000C38 6EF7           02660     movwf TBLPTRLH
000C3A 0EDE           02661     movlw (_strlb__24 & 0xFF)
000C3C 6EF6           02662     movwf TBLPTRL
000C3E ECEE F000      02663     call __load_flashstring_to_RAM_
000C42 6AEF           02664     clrf INDF0
000C44 DF90           02665     rcall Tx_Line
  00000C46            02666 F1_000321 equ $ ; in [CNANO_KOMUT_56Q71.BAS] sTx = "  DIS LED (ISTEGE BAGLI): RD0 - 1K - LED - GND" : GoSub Tx_Line
000C46 EE01 F11D      02667     lfsr 0,sTx
000C4A 0E05           02668     movlw ((_strlb__25 >> 8) & 0xFF)
000C4C 6EF7           02669     movwf TBLPTRLH
000C4E 0E04           02670     movlw (_strlb__25 & 0xFF)
000C50 6EF6           02671     movwf TBLPTRL
000C52 ECEE F000      02672     call __load_flashstring_to_RAM_
000C56 6AEF           02673     clrf INDF0
000C58 D786           02674     bra Tx_Line
000C5A                02675 Wire_Decide
  00000C5A            02676 F1_000325 equ $ ; in [CNANO_KOMUT_56Q71.BAS] if IOCBF.5 = 1 Then
000C5A C40F F4E8      02677     movff IOCBF,WREG
000C5E AAE8           02678     btfss WREG,5
000C60 D00E           02679     bra _lbl__110
  00000C62            02680 F1_000326 equ $ ; in [CNANO_KOMUT_56Q71.BAS] if IOCCF.7 = 1 Then
000C62 0104           02681     movlb 0x04
000C64 3517           02682     rlcf IOCCF,W
000C66 0105           02683     movlb 0x05
000C68 E302           02684     bnc _lbl__112
  00000C6A            02685 F1_000327 equ $ ; in [CNANO_KOMUT_56Q71.BAS] bWires = 1
000C6A 861C           02686     bsf _B__VR1,3
000C6C D006           02687     bra _lbl__113
000C6E                02688 _lbl__112
  00000C6E            02689 F1_000328 equ $ ; in [CNANO_KOMUT_56Q71.BAS] else
  00000C6E            02690 F1_000329 equ $ ; in [CNANO_KOMUT_56Q71.BAS] bWires = 0
000C6E 961C           02691     bcf _B__VR1,3
  00000C70            02692 F1_000330 equ $ ; in [CNANO_KOMUT_56Q71.BAS] WPUC.7 = 0 : LATC.7 = 1 : TRISC.7 = 0
000C70 0104           02693     movlb 0x04
000C72 9F11           02694     bcf WPUC,7
000C74 0101           02695     movlb 0x01
000C76 8F42           02696     bsf LATC,7
000C78 9F4A           02697     bcf TRISC,7
  00000C7A            02698 F1_000331 equ $ ; in [CNANO_KOMUT_56Q71.BAS] endif
000C7A                02699 _lbl__113
000C7A 0105           02700     movlb 0x05
  00000C7C            02701 F1_000332 equ $ ; in [CNANO_KOMUT_56Q71.BAS] bKnown = 1
000C7C 881C           02702     bsf _B__VR1,4
  00000C7E            02703 F1_000333 equ $ ; in [CNANO_KOMUT_56Q71.BAS] endif
000C7E                02704 _lbl__110
  00000C7E            02705 F1_000334 equ $ ; in [CNANO_KOMUT_56Q71.BAS] IOCBF.5 = 0 : IOCCF.7 = 0
000C7E 0104           02706     movlb 0x04
000C80 9B0F           02707     bcf IOCBF,5
000C82 9F17           02708     bcf IOCCF,7
  00000C84            02709 F1_000335 equ $ ; in [CNANO_KOMUT_56Q71.BAS] return
000C84 0105           02710     movlb 0x05
000C86 0012           02711     return 0
  00000C88            02712 F1_EOF equ $ ; CNANO_KOMUT_56Q71.BAS
000C88                02713 _pblb__114
000C88 D7FF           02714     bra _pblb__114
                      02715 ;---------------------------------------------
000C8A                02716 __eof
                      02717 ;---------------------------------------------
                      02718 ; config FUSES
8C 1D E5 F6 9F FF FF F02719 config FEXTOSC  = off
       F FF FF FF 
                      02720 config RSTOSC   = HFINTOSC_64MHZ
                      02721 config CLKOUTEN = off
                      02722 config PR1WAY   = off
                      02723 config CSWEN    = on
                      02724 config BBEN     = off
                      02725 config FCMEN    = off
                      02726 config FCMENP   = off
                      02727 config FCMENS   = off
                      02728 config MCLRE    = EXTMCLR
                      02729 config PWRTS    = PWRT_64
                      02730 config MVECEN   = off
                      02731 config IVT1WAY  = off
                      02732 config LPBOREN  = off
                      02733 config BOREN    = SBORDIS
                      02734 config BORV     = VBOR_2P45
                      02735 config ZCD      = off
                      02736 config PPS1WAY  = off
                      02737 config STVREN   = on
                      02738 config LVP      = on
                      02739 config XINST    = off
                      02740 config DEBUG    = off
                      02741 config WDTCPS   = WDTCPS_31
                      02742 config WDTE     = off
                      02743 config WDTCWS   = WDTCWS_7
                      02744 config WDTCCS   = SC
                      02745 config WRTB     = off
                      02746 config WRTC     = off
                      02747 config WRTD     = off
                      02748 config WRTSAF   = off
                      02749 config WRTAPP   = off
                      02750 config CPD      = off
                      02751 config CP       = off
                      02753     end
SYMBOL TABLE
  LABEL                             VALUE 
ACTCON                            000000AC
ADACCH                            000003E4
ADACCL                            000003E3
ADACCLH                           000003E4
ADACCLHH                          000003E5
ADACCLHHH                         000004E8
ADACCU                            000003E5
ADACQH                            000003EF
ADACQL                            000003EE
ADACQLH                           000003EF
ADACT                             000003F9
ADACTPPS                          00000269
ADCAP                             000003F0
ADCGA                             00000110
ADCGB                             00000111
ADCGC                             00000112
ADCGD                             00000113
ADCGE                             00000114
ADCGF                             00000115
ADCLK                             000003FA
ADCNT                             000003E6
ADCON0                            000003F3
ADCON1                            000003F4
ADCON2                            000003F5
ADCON3                            000003F6
ADCP                              000003D8
ADCPCON                           000003D8
ADCSEL1                           000003FC
ADCSEL2                           000003FD
ADCSEL3                           000003FE
ADCSEL4                           000003FF
ADCTX                             000003FB
ADERRH                            000003DE
ADERRL                            000003DD
ADERRLH                           000003DE
ADFLTRH                           000003E2
ADFLTRL                           000003E1
ADFLTRLH                          000003E2
ADLTHH                            000003DA
ADLTHL                            000003D9
ADLTHLH                           000003DA
ADNCH                             000003ED
ADPCH                             000003EC
ADPREH                            000003F2
ADPREL                            000003F1
ADPRELH                           000003F2
ADPREVH                           000003E9
ADPREVL                           000003E8
ADPREVLH                          000003E9
ADREF                             000003F8
ADRESH                            000003EB
ADRESL                            000003EA
ADRESLH                           000003EB
ADRPT                             000003E7
ADSTAT                            000003F7
ADSTPTH                           000003E0
ADSTPTL                           000003DF
ADSTPTLH                          000003E0
ADUTHH                            000003DC
ADUTHL                            000003DB
ADUTHLH                           000003DC
ANSELA                            00000400
ANSELB                            00000408
ANSELC                            00000410
ANSELD                            00000418
ANSELE                            00000420
ANSELF                            00000428
APMCLK                            000001D8
APMCLKPPS                         0000027A
APMCON                            000001C0
APMEND1H                          000001CF
APMEND1L                          000001CE
APMEND1U                          000001D0
APMEND2H                          000001D4
APMEND2L                          000001D3
APMEND2U                          000001D5
APMPERE1H                         000001D2
APMPERE1L                         000001D1
APMPERE2H                         000001D7
APMPERE2L                         000001D6
APMPERH                           000001C4
APMPERL                           000001C3
APMPERS1H                         000001C8
APMPERS1L                         000001C7
APMPERS2H                         000001CD
APMPERS2L                         000001CC
APMPREH                           000001C2
APMPREL                           000001C1
APMSTART1H                        000001C6
APMSTART1L                        000001C5
APMSTART2H                        000001CA
APMSTART2L                        000001C9
APMSTART2U                        000001CB
APMSTATUSH                        000001DA
APMSTATUSL                        000001D9

BANKA_END                         0X55F
BANKA_START                       0X500
BCHAR                             000005A4
BDUTY                             000005A9
BI                                000005A5
BIDLE                             000005A7
BK                                000005B7
BKNOWN                            _B__VR1,4
BLEDON                            _B__VR1,1
BLEDWAS                           _B__VR1,2
BLEN                              000005A2
BMODE                             000005AA
BORCON                            00000049
BPF                               00000500
BPFH                              00000501
BPHASE                            000005A8
BRAW                              000005A3
BSR                               000004E0
BSR_CSHAD                         00000375
BSR_SHAD                          00000379
BSUB                              000005A6
BSW                               000005B8
BSWOLD                            _B__VR1,0
BWIRES                            _B__VR1,3
C                                 00000000
CBLINK                            1
CCP1CAP                           00000343
CCP1CON                           00000342
CCP1PPS                           0000024F
CCP2CAP                           00000347
CCP2CON                           00000346
CCP2PPS                           00000250
CCPR1H                            00000341
CCPR1L                            00000340
CCPR1LH                           00000341
CCPR2H                            00000345
CCPR2L                            00000344
CCPR2LH                           00000345
CCPTMRS0                          0000034C
CFADE                             2
CIDLE                             0
CLCDATA                           000000D4
CLCIN0PPS                         00000261
CLCIN1PPS                         00000262
CLCIN2PPS                         00000263
CLCIN3PPS                         00000264
CLCIN4PPS                         00000265
CLCIN5PPS                         00000266
CLCIN6PPS                         00000267
CLCIN7PPS                         00000268
CLCNCON                           000000D6
CLCNGLS0                          000000DC
CLCNGLS1                          000000DD
CLCNGLS2                          000000DE
CLCNGLS3                          000000DF
CLCNPOL                           000000D7
CLCNSEL0                          000000D8
CLCNSEL1                          000000D9
CLCNSEL2                          000000DA
CLCNSEL3                          000000DB
CLCSELECT                         000000D5
CLKRCLK                           0000003A
CLKRCON                           00000039
CLRC                              bcf STATUS,0
CLRW                              clrf WREG
CLRZ                              bcf STATUS,2
CM1CON0                           00000070
CM1CON1                           00000071
CM1NCH                            00000072
CM1PCH                            00000073
CM2CON0                           00000074
CM2CON1                           00000075
CM2NCH                            00000076
CM2PCH                            00000077
CMOUT                             0000006F
CONFIG_REQ                        1
CPUDOZE                           000004F2
CRCCON0                           00000356
CRCCON1                           00000357
CRCCON2                           00000358
CRCDATAH                          0000034F
CRCDATAL                          0000034E
CRCDATALH                         0000034F
CRCDATALHH                        00000350
CRCDATAT                          00000351
CRCDATAU                          00000350
CRCOUTH                           00000353
CRCOUTL                           00000352
CRCOUTLH                          00000353
CRCOUTLHH                         00000354
CRCOUTT                           00000355
CRCOUTU                           00000354
CRCSHFTH                          00000353
CRCSHFTL                          00000352
CRCSHFTLH                         00000353
CRCSHFTLHH                        00000354
CRCSHFTT                          00000355
CRCSHFTU                          00000354
CRCSHIFTH                         00000353
CRCSHIFTL                         00000352
CRCSHIFTLH                        00000353
CRCSHIFTLHH                       00000354
CRCSHIFTT                         00000355
CRCSHIFTU                         00000354
CRCXORH                           00000353
CRCXORL                           00000352
CRCXORLH                          00000353
CRCXORLHH                         00000354
CRCXORT                           00000355
CRCXORU                           00000354
CSTREAM                           3
CWG1AS0                           000003C2
CWG1AS1                           000003C3
CWG1CLK                           000003BC
CWG1CLKCON                        000003BC
CWG1CON0                          000003C0
CWG1CON1                          000003C1
CWG1DAT                           000003BD
CWG1DBF                           000003BF
CWG1DBR                           000003BE
CWG1INPPS                         0000025B
CWG1ISM                           000003BD
CWG1PPS                           0000025B
CWG1STR                           000003C4
DAC1CON                           0000007F
DAC1DATH                          0000007E
DAC1DATL                          0000007D
DAC2CON                           000000C2
DAC2DAT                           000000C0
DAC2DATL                          000000C0
DAC3CON                           000000C5
DAC3DAT                           000000C3
DAC3DATL                          000000C3
DC                                00000001
DMA1PR                            000000B6
DMA2PR                            000000B7
DMA3PR                            000000B8
DMA4PR                            000000B9
DMANAIRQ                          000000FE
DMANBUF                           000000E9
DMANCON0                          000000FC
DMANCON1                          000000FD
DMANDCNTH                         000000EB
DMANDCNTL                         000000EA
DMANDCNTLH                        000000EB
DMANDPTRH                         000000ED
DMANDPTRL                         000000EC
DMANDPTRLH                        000000ED
DMANDSAH                          000000F1
DMANDSAL                          000000F0
DMANDSZH                          000000EF
DMANDSZL                          000000EE
DMANDSZLH                         000000EF
DMANSCNTH                         000000F3
DMANSCNTL                         000000F2
DMANSCNTLH                        000000F3
DMANSIRQ                          000000FF
DMANSPTRH                         000000F5
DMANSPTRL                         000000F4
DMANSPTRLH                        000000F5
DMANSPTRLHH                       000000F6
DMANSPTRLHHH                      000004E8
DMANSPTRU                         000000F6
DMANSSAH                          000000FA
DMANSSAL                          000000F9
DMANSSALH                         000000FA
DMANSSALHH                        000000FB
DMANSSALHHH                       000004E8
DMANSSAU                          000000FB
DMANSSZH                          000000F8
DMANSSZL                          000000F7
DMANSSZLH                         000000F8
DMASELECT                         000000E8
DO_COMMAND                        00000910
DX                                000005B3
DXH                               000005B4
DXHH                              000005B5
DXHHH                             000005B6
EEADRH                            00000044
EEADRHH                           00000045
EEADRHHH                          000004E8
EEADRL                            00000043
EEADRLH                           00000044
EEADRLHH                          00000045
EEADRLHHH                         000004E8
EECON1                            00000041
EEDATAH                           00000047
EEDATAL                           00000046
EEDATH                            00000047
EEDATL                            00000046
F1_000076                         00000566
F1_000077                         0000056A
F1_000080                         0000056E
F1_000081                         00000576
F1_000082                         00000578
F1_000089                         0000057A
F1_000090                         00000582
F1_000091                         00000588
F1_000092                         0000058C
F1_000093                         00000590
F1_000097                         00000594
F1_000098                         00000598
F1_000099                         0000059A
F1_000100                         000005A0
F1_000101                         000005A4
F1_000102                         000005A6
F1_000103                         000005AA
F1_000104                         000005AE
F1_000106                         000005B2
F1_000107                         000005C4
F1_000108                         000005D0
F1_000109                         000005D6
F1_000112                         000005DA
F1_000114                         000005DA
F1_000115                         000005E2
F1_000116                         000005E6
F1_000117                         000005EC
F1_000118                         000005EE
F1_000119                         00000608
F1_000120                         00000610
F1_000121                         00000610
F1_000122                         00000618
F1_000123                         0000061E
F1_000124                         00000628
F1_000125                         0000062A
F1_000126                         00000636
F1_000127                         00000636
F1_000128                         00000636
F1_000131                         00000638
F1_000132                         0000063E
F1_000133                         00000640
F1_000134                         00000648
F1_000135                         0000064E
F1_000136                         00000652
F1_000137                         00000652
F1_000138                         00000654
F1_000139                         00000654
F1_000140                         00000658
F1_000143                         00000658
F1_000144                         0000065E
F1_000145                         00000660
F1_000146                         00000666
F1_000147                         00000668
F1_000148                         0000066A
F1_000149                         0000066A
F1_000154                         0000066C
F1_000155                         00000670
F1_000156                         00000672
F1_000157                         0000067A
F1_000160                         0000067A
F1_000161                         00000686
F1_000162                         0000068E
F1_000163                         00000694
F1_000164                         000006A6
F1_000165                         000006AA
F1_000166                         000006AA
F1_000168                         000006AA
F1_000169                         000006B0
F1_000171                         000006B4
F1_000172                         000006B4
F1_000173                         000006B8
F1_000174                         000006C2
F1_000175                         000006CA
F1_000176                         000006CA
F1_000177                         000006D2
F1_000178                         000006D4
F1_000179                         000006DE
F1_000180                         00000704
F1_000181                         00000704
F1_000182                         00000706
F1_000183                         00000712
F1_000184                         00000718
F1_000185                         0000071C
F1_000186                         00000732
F1_000187                         0000076E
F1_000188                         0000076E
F1_000189                         00000780
F1_000190                         00000780
F1_000191                         00000782
F1_000193                         00000784
F1_000194                         0000078A
F1_000195                         00000794
F1_000196                         0000079C
F1_000197                         0000079C
F1_000198                         000007A4
F1_000199                         000007BA
F1_000200                         000007C6
F1_000201                         0000086A
F1_000203                         0000086E
F1_000204                         00000888
F1_000206                         00000892
F1_000207                         00000898
F1_000208                         000008A2
F1_000209                         000008AC
F1_000210                         000008B4
F1_000211                         000008B4
F1_000212                         000008B8
F1_000213                         000008C2
F1_000214                         00000904
F1_000215                         00000906
F1_000216                         0000090E
F1_000217                         0000090E
F1_000218                         0000090E
F1_000222                         00000910
F1_000223                         0000091C
F1_000224                         00000936
F1_000225                         00000938
F1_000226                         0000094A
F1_000227                         00000960
F1_000228                         00000960
F1_000229                         00000960
F1_000230                         00000972
F1_000231                         00000974
F1_000232                         00000980
F1_000233                         00000996
F1_000234                         000009A8
F1_000235                         000009AA
F1_000236                         000009BA
F1_000237                         000009D0
F1_000238                         000009E2
F1_000239                         000009E4
F1_000240                         000009FA
F1_000241                         00000A0C
F1_000242                         00000A10
F1_000243                         00000A24
F1_000244                         00000A26
F1_000245                         00000A28
F1_000246                         00000A72
F1_000247                         00000A72
F1_000248                         00000A72
F1_000249                         00000A7C
F1_000252                         00000A7E
F1_000253                         00000A82
F1_000254                         00000A96
F1_000255                         00000A96
F1_000256                         00000A9E
F1_000260                         00000AA0
F1_000261                         00000AA4
F1_000262                         00000AAC
F1_000263                         00000AAC
F1_000264                         00000AB0
F1_000265                         00000AB2
F1_000266                         00000AB6
F1_000267                         00000ABA
F1_000268                         00000AC2
F1_000269                         00000AC2
F1_000270                         00000AC6
F1_000271                         00000AC8
F1_000274                         00000ACA
F1_000275                         00000AE4
F1_000276                         00000AE6
F1_000277                         00000AEC
F1_000278                         00000AFE
F1_000279                         00000B10
F1_000280                         00000B10
F1_000281                         00000B20
F1_000282                         00000B20
F1_000283                         00000B22
F1_000284                         00000B24
F1_000285                         00000B2C
F1_000286                         00000B30
F1_000287                         00000B56
F1_000292                         00000B58
F1_000293                         00000B60
F1_000294                         00000B64
F1_000297                         00000B66
F1_000298                         00000B68
F1_000299                         00000B7E
F1_000300                         00000B8A
F1_000301                         00000B8C
F1_000302                         00000B8E
F1_000303                         00000B94
F1_000307                         00000B9A
F1_000308                         00000BAE
F1_000309                         00000BB2
F1_000310                         00000BC8
F1_000311                         00000BC8
F1_000312                         00000BCC
F1_000313                         00000BE2
F1_000314                         00000BE2
F1_000315                         00000BF6
F1_000316                         00000BF6
F1_000317                         00000BF6
F1_000318                         00000C0A
F1_000319                         00000C1E
F1_000320                         00000C32
F1_000321                         00000C46
F1_000325                         00000C5A
F1_000326                         00000C62
F1_000327                         00000C6A
F1_000328                         00000C6E
F1_000329                         00000C6E
F1_000330                         00000C70
F1_000331                         00000C7A
F1_000332                         00000C7C
F1_000333                         00000C7E
F1_000334                         00000C7E
F1_000335                         00000C84
F1_EOF                            00000C88
F1_SOF                            0000053A
FSCMCON                           00000458
FSR0H                             000004EA
FSR0H_SHAD                        0000037D
FSR0L                             000004E9
FSR0LH                            000004EA
FSR0LH_SHAD                       0000037D
FSR0L_SHAD                        0000037C
FSR1H                             000004E2
FSR1H_SHAD                        0000037F
FSR1L                             000004E1
FSR1LH                            000004E2
FSR1LH_SHAD                       0000037F
FSR1L_SHAD                        0000037E
FSR2H                             000004DA
FSR2H_SHAD                        00000381
FSR2L                             000004D9
FSR2LH                            000004DA
FSR2LH_SHAD                       00000381
FSR2L_SHAD                        00000380
FVRCON                            000003D7
GEN4                              00000502
GEN4H                             00000503
HLVDCON0                          0000004A
HLVDCON1                          0000004B
I2C1ADB0                          0000028D
I2C1ADB1                          0000028E
I2C1ADR0                          0000028F
I2C1ADR1                          00000290
I2C1ADR2                          00000291
I2C1ADR3                          00000292
I2C1BAUD                          0000029D
I2C1BTO                           0000029C
I2C1BTOC                          0000029F
I2C1CLK                           0000029E
I2C1CNTH                          0000028C
I2C1CNTL                          0000028B
I2C1CNTLH                         0000028C
I2C1CON0                          00000293
I2C1CON1                          00000294
I2C1CON2                          00000295
I2C1CON3                          00000296
I2C1ERR                           00000297
I2C1PIE                           0000029B
I2C1PIR                           0000029A
I2C1RXB                           00000289
I2C1SCLPPS                        00000271
I2C1SDAPPS                        00000270
I2C1STAT0                         00000298
I2C1STAT1                         00000299
I2C1TXB                           0000028A
INDF0                             000004EF
INDF1                             000004E7
INDF2                             000004DF
INLVLA                            00000404
INLVLB                            0000040C
INLVLC                            00000414
INLVLD                            0000041C
INLVLE                            00000424
INLVLF                            0000042C
INT0PPS                           0000023E
INT1PPS                           0000023F
INT2PPS                           00000240
INTCON0                           000004D6
INTCON1                           000004D7
IOCAF                             00000407
IOCAN                             00000406
IOCAP                             00000405
IOCBF                             0000040F
IOCBN                             0000040E
IOCBP                             0000040D
IOCCF                             00000417
IOCCN                             00000416
IOCCP                             00000415
IOCEF                             00000427
IOCEN                             00000426
IOCEP                             00000425
IOCWF                             0000043F
IOCWN                             0000043E
IOCWP                             0000043D
IPR0                              0000049C
IPR1                              0000049D
IPR10                             000004A6
IPR2                              0000049E
IPR3                              0000049F
IPR4                              000004A0
IPR5                              000004A1
IPR6                              000004A2
IPR7                              000004A3
IPR8                              000004A4
IPR9                              000004A5
ISRPR                             000000BF
IVTADH                            0000045B
IVTADL                            0000045A
IVTADLH                           0000045B
IVTADLHH                          0000045C
IVTADLHHH                         000004E8
IVTADU                            0000045C
IVTBASEH                          0000045E
IVTBASEL                          0000045D
IVTBASELH                         0000045E
IVTBASELHH                        0000045F
IVTBASELHHH                       000004E8
IVTBASEU                          0000045F
IVTLOCK                           00000459
LABEL_POINTER                     
LATA                              00000140
LATB                              00000141
LATC                              00000142
LATD                              00000143
LATE                              00000144
LATF                              00000145
LATW                              00000101
LED_OUT                           00000AA0
MAINPR                            000000BE
N                                 00000004
NCO1ACCH                          00000441
NCO1ACCL                          00000440
NCO1ACCLH                         00000441
NCO1ACCLHH                        00000442
NCO1ACCLHHH                       000004E8
NCO1ACCU                          00000442
NCO1CLK                           00000447
NCO1CON                           00000446
NCO1INCH                          00000444
NCO1INCL                          00000443
NCO1INCLH                         00000444
NCO1INCLHH                        00000445
NCO1INCLHHH                       000004E8
NCO1INCU                          00000445
NEGW                              negf WREG
NVMADRH                           00000044
NVMADRL                           00000043
NVMADRLH                          00000044
NVMADRLHH                         00000045
NVMADRLHHH                        000004E8
NVMADRU                           00000045
NVMCON0                           00000040
NVMCON1                           00000041
NVMDATAH                          00000047
NVMDATAL                          00000046
NVMDATH                           00000047
NVMDATL                           00000046
NVMLOCK                           00000042
ODCONA                            00000402
ODCONB                            0000040A
ODCONC                            00000412
ODCOND                            0000041A
ODCONE                            00000422
ODCONF                            0000042A
OPA1CON0                          0000011F
OPA1CON1                          00000120
OPA1CON2                          00000121
OPA1CON3                          00000122
OPA1CON4                          00000123
OPA1HWC                           00000124
OPA1OFFSET                        00000125
OPA1ORPPS                         00000276
OPA1ORS                           00000126
OPA2CON0                          00000127
OPA2CON1                          00000128
OPA2CON2                          00000129
OPA2CON3                          0000012A
OPA2CON4                          0000012B
OPA2HWC                           0000012C
OPA2OFFSET                        0000012D
OPA2ORPPS                         00000277
OPA2ORS                           0000012E
OSCCON1                           000000AD
OSCCON2                           000000AE
OSCCON3                           000000AF
OSCEN                             000000B3
OSCFREQ                           000000B1
OSCFRQ                            000000B1
OSCSTAT                           000000B2
OSCSTAT1                          000000B2
OSCTUNE                           000000B0
OV                                00000003
PBS_VAR0                          00000504
PBS_VAR0H                         00000505
PCL                               000004F9
PCLATH                            000004FA
PCLATHH                           000004FB
PCLATHHH                          000004E8
PCLATHH_SHAD                      0000037B
PCLATH_SHAD                       0000037A
PCLATLH                           000004FA
PCLATLH_SHAD                      0000037A
PCLATU                            000004FB
PCLATU_SHAD                       0000037B
PCON0                             000004F0
PCON1                             000004F1
PD                                00000005
PIE0                              000004A7
PIE1                              000004A8
PIE10                             000004B1
PIE2                              000004A9
PIE3                              000004AA
PIE4                              000004AB
PIE5                              000004AC
PIE6                              000004AD
PIE7                              000004AE
PIE8                              000004AF
PIE9                              000004B0
PIR0                              000004B2
PIR1                              000004B3
PIR10                             000004BC
PIR2                              000004B4
PIR3                              000004B5
PIR4                              000004B6
PIR5                              000004B7
PIR6                              000004B8
PIR7                              000004B9
PIR8                              000004BA
PIR9                              000004BB
PLUSW0                            000004EB
PLUSW1                            000004E3
PLUSW2                            000004DB
PMD0                              00000062
PMD1                              00000063
PMD2                              00000064
PMD3                              00000065
PMD4                              00000066
PMD5                              00000067
PMD6                              00000068
PORTA                             00000150
PORTB                             00000151
PORTC                             00000152
PORTD                             00000153
PORTE                             00000154
PORTF                             00000155
PORTW                             00000100
PORTWCLK                          0000010A
PORTWCON                          0000010C
PORTWDF                           0000010B
PORTWIN0                          00000102
PORTWIN1                          00000103
PORTWIN2                          00000104
PORTWIN3                          00000105
PORTWIN4                          00000106
PORTWIN5                          00000107
PORTWIN6                          00000108
PORTWIN7                          00000109
POSTDEC0                          000004ED
POSTDEC1                          000004E5
POSTDEC2                          000004DD
POSTINC0                          000004EE
POSTINC1                          000004E6
POSTINC2                          000004DE
PP0                               00000506
PP0H                              00000507
PP0HH                             00000508
PP0HHH                            00000509
PP1                               0000050A
PP1H                              0000050B
PP1HH                             0000050C
PP1HHH                            0000050D
PP2                               0000050E
PP2H                              0000050F
PP2HH                             00000510
PP2HHH                            00000511
PP3                               00000512
PP7                               00000513
PP7H                              00000514
PP7HH                             00000515
PP7HHH                            00000516
PPSLOCK                           00000200
PPZ                               00000517
PPZH                              00000518
PPZHH                             00000519
PPZHHH                            0000051A
PP_ACKDT                          00000006
PP_ADCS                           00000004
PP_ADCS0                          00000000
PP_ADCS1                          00000001
PP_ADCS2                          00000002
PP_ADCS3                          00000003
PP_ADCS4                          00000004
PP_ADCS5                          00000005
PP_ADCSEN                         00000005
PP_ADON                           00000007
PP_C1TSEL0                        00000000
PP_C1TSEL1                        00000001
PP_C2TSEL0                        00000002
PP_C2TSEL1                        00000003
PP_GO                             00000000
PP_GO_DONE                        00000000
PP_GO_NOT_DONE                    00000000
PP_RD0                            00000000
PP_RD0PPS0                        00000000
PP_RD0PPS1                        00000001
PP_RD0PPS2                        00000002
PP_RD0PPS3                        00000003
PP_RD0PPS4                        00000004
PP_RD0PPS5                        00000005
PP_RD1                            00000001
PP_RD16                           00000001
PP_RD161                          00000001
PP_RD163                          00000001
PP_RD1PPS0                        00000000
PP_RD1PPS1                        00000001
PP_RD1PPS2                        00000002
PP_RD1PPS3                        00000003
PP_RD1PPS4                        00000004
PP_RD1PPS5                        00000005
PP_RD2                            00000002
PP_RD2PPS0                        00000000
PP_RD2PPS1                        00000001
PP_RD2PPS2                        00000002
PP_RD2PPS3                        00000003
PP_RD2PPS4                        00000004
PP_RD2PPS5                        00000005
PP_RD3                            00000003
PP_RD3PPS0                        00000000
PP_RD3PPS1                        00000001
PP_RD3PPS2                        00000002
PP_RD3PPS3                        00000003
PP_RD3PPS4                        00000004
PP_RD3PPS5                        00000005
PP_RD4                            00000004
PP_RD4PPS0                        00000000
PP_RD4PPS1                        00000001
PP_RD4PPS2                        00000002
PP_RD4PPS3                        00000003
PP_RD4PPS4                        00000004
PP_RD4PPS5                        00000005
PP_RD5                            00000005
PP_RD5PPS0                        00000000
PP_RD5PPS1                        00000001
PP_RD5PPS2                        00000002
PP_RD5PPS3                        00000003
PP_RD5PPS4                        00000004
PP_RD5PPS5                        00000005
PP_RD6                            00000006
PP_RD6PPS0                        00000000
PP_RD6PPS1                        00000001
PP_RD6PPS2                        00000002
PP_RD6PPS3                        00000003
PP_RD6PPS4                        00000004
PP_RD6PPS5                        00000005
PP_RD7                            00000007
PP_RD7PPS0                        00000000
PP_RD7PPS1                        00000001
PP_RD7PPS2                        00000002
PP_RD7PPS3                        00000003
PP_RD7PPS4                        00000004
PP_RD7PPS5                        00000005
PP_RDSEL                          00000003
PP_RDY                            00000004
PP_RSEN                           00000006
PP_RXBE                           00000001
PP_RXFOIF                         00000001
PP_SEN                            00000007
PP_SENDB                          00000000
PP_T2CKPS0                        00000004
PP_T2CKPS1                        00000005
PP_T2CKPS2                        00000006
PP_TMR2ON                         00000007
PP_TMR4ON                         00000007
PP_U1RXIF                         00000000
PP_U1TXIF                         00000001
PP_U2RXIF                         00000000
PP_U2TXIF                         00000001
PP_WR1IE                          00000004
PP_WR1IF                          00000004
PP_WRERR                          00000007
PP_WRIE                           00000004
PP_WRIF                           00000004
PR0                               00000319
PR1                               00000317
PR2                               0000031E
PR3                               00000328
PR4                               0000032B
PREINC0                           000004EC
PREINC1                           000004E4
PREINC2                           000004DC
PRLOCK                            000000B4
PRODH                             000004F4
PRODH_SHAD                        00000383
PRODL                             000004F3
PRODLH                            000004F4
PRODLH_SHAD                       00000383
PRODL_SHAD                        00000382
PWM1CLK                           00000461
PWM1CON                           00000469
PWM1CPRE                          00000465
PWM1ERS                           00000460
PWM1ERSPPS                        00000251
PWM1GIE                           00000468
PWM1GIR                           00000467
PWM1LDS                           00000462
PWM1PIPOS                         00000466
PWM1PRH                           00000464
PWM1PRL                           00000463
PWM1PRLH                          00000464
PWM1S1CFG                         0000046A
PWM1S1P1H                         0000046C
PWM1S1P1L                         0000046B
PWM1S1P1LH                        0000046C
PWM1S1P2H                         0000046E
PWM1S1P2L                         0000046D
PWM1S1P2LH                        0000046E
PWM2CLK                           00000470
PWM2CON                           00000478
PWM2CPRE                          00000474
PWM2ERS                           0000046F
PWM2ERSPPS                        00000252
PWM2GIE                           00000477
PWM2GIR                           00000476
PWM2LDS                           00000471
PWM2PIPOS                         00000475
PWM2PRH                           00000473
PWM2PRL                           00000472
PWM2PRLH                          00000473
PWM2S1CFG                         00000479
PWM2S1P1H                         0000047B
PWM2S1P1L                         0000047A
PWM2S1P1LH                        0000047B
PWM2S1P2H                         0000047D
PWM2S1P2L                         0000047C
PWM2S1P2LH                        0000047D
PWM3CLK                           0000047F
PWM3CON                           00000487
PWM3CPRE                          00000483
PWM3ERS                           0000047E
PWM3ERSPPS                        00000253
PWM3GIE                           00000486
PWM3GIR                           00000485
PWM3LDS                           00000480
PWM3PIPOS                         00000484
PWM3PRH                           00000482
PWM3PRL                           00000481
PWM3PRLH                          00000482
PWM3S1CFG                         00000488
PWM3S1P1H                         0000048A
PWM3S1P1L                         00000489
PWM3S1P1LH                        0000048A
PWM3S1P2H                         0000048C
PWM3S1P2L                         0000048B
PWM3S1P2LH                        0000048C
PWMEN                             0000049A
PWMIN0PPS                         00000257
PWMIN1PPS                         00000258
PWMLOAD                           00000499
RA0PPS                            00000201
RA1PPS                            00000202
RA2PPS                            00000203
RA3PPS                            00000204
RA4PPS                            00000205
RA5PPS                            00000206
RA6PPS                            00000207
RA7PPS                            00000208
RAM_BANKS                         16
RB0PPS                            00000209
RB1I2C                            00000286
RB1PPS                            0000020A
RB2I2C                            00000285
RB2PPS                            0000020B
RB3PPS                            0000020C
RB4PPS                            0000020D
RB5PPS                            0000020E
RB6PPS                            0000020F
RB7PPS                            00000210
RC0PPS                            00000211
RC1PPS                            00000212
RC2PPS                            00000213
RC3I2C                            00000288
RC3PPS                            00000214
RC4I2C                            00000287
RC4PPS                            00000215
RC5PPS                            00000216
RC6PPS                            00000217
RC7PPS                            00000218
RD0PPS                            00000219
RD1PPS                            0000021A
RD2PPS                            0000021B
RD3PPS                            0000021C
RD4PPS                            0000021D
RD5PPS                            0000021E
RD6PPS                            0000021F
RD7PPS                            00000220
RE0PPS                            00000221
RE1PPS                            00000222
RE2PPS                            00000223
RF0PPS                            00000225
RF1PPS                            00000226
RF2PPS                            00000227
RF3PPS                            00000228
RF4PPS                            00000229
RF5PPS                            0000022A
RF6PPS                            0000022B
RF7PPS                            0000022C
SCANCON0                          00000360
SCANHADRH                         0000035E
SCANHADRL                         0000035D
SCANHADRLH                        0000035E
SCANHADRLHH                       0000035F
SCANHADRLHHH                      000004E8
SCANHADRU                         0000035F
SCANLADRH                         0000035B
SCANLADRL                         0000035A
SCANLADRLH                        0000035B
SCANLADRLHH                       0000035C
SCANLADRLHHH                      000004E8
SCANLADRU                         0000035C
SCANPR                            000000B5
SCANTRIG                          00000361
SCMD                              0000057E
SCMD#0                            0000057E
SCMD#1                            0000057F
SCMD#10                           00000588
SCMD#11                           00000589
SCMD#12                           0000058A
SCMD#13                           0000058B
SCMD#14                           0000058C
SCMD#15                           0000058D
SCMD#16                           0000058E
SCMD#17                           0000058F
SCMD#2                            00000580
SCMD#3                            00000581
SCMD#4                            00000582
SCMD#5                            00000583
SCMD#6                            00000584
SCMD#7                            00000585
SCMD#8                            00000586
SCMD#9                            00000587
SETC                              bsf STATUS,0
SETZ                              bsf STATUS,2
SHADCON                           00000376
SKPC                              btfss STATUS,0
SKPNC                             btfsc STATUS,0
SKPNZ                             btfsc STATUS,2
SKPZ                              btfss STATUS,2
SLOW                              00000590
SLOW#0                            00000590
SLOW#1                            00000591
SLOW#10                           0000059A
SLOW#11                           0000059B
SLOW#12                           0000059C
SLOW#13                           0000059D
SLOW#14                           0000059E
SLOW#15                           0000059F
SLOW#16                           000005A0
SLOW#17                           000005A1
SLOW#2                            00000592
SLOW#3                            00000593
SLOW#4                            00000594
SLOW#5                            00000595
SLOW#6                            00000596
SLOW#7                            00000597
SLOW#8                            00000598
SLOW#9                            00000599
SLRCONA                           00000403
SLRCONB                           0000040B
SLRCONC                           00000413
SLRCOND                           0000041B
SLRCONE                           00000423
SLRCONF                           0000042B
SPI1BAUD                          00000089
SPI1CLK                           0000008C
SPI1CON0                          00000084
SPI1CON1                          00000085
SPI1CON2                          00000086
SPI1INTE                          0000008B
SPI1INTF                          0000008A
SPI1RXB                           00000080
SPI1SCKPPS                        0000026A
SPI1SDIPPS                        0000026B
SPI1SSPPS                         0000026C
SPI1STATUS                        00000087
SPI1TCNTH                         00000083
SPI1TCNTL                         00000082
SPI1TCNTLH                        00000083
SPI1TWIDTH                        00000088
SPI1TXB                           00000081
SP__P9_                           0000051B
STATUS                            000004D8
STATUS_CSHAD                      00000373
STATUS_SHAD                       00000377
STKPTR                            000004FC
STOP_ALL                          00000A7E
STX                               0000051D
STX#0                             0000051D
STX#1                             0000051E
STX#10                            00000527
STX#11                            00000528
STX#12                            00000529
STX#13                            0000052A
STX#14                            0000052B
STX#15                            0000052C
STX#16                            0000052D
STX#17                            0000052E
STX#18                            0000052F
STX#19                            00000530
STX#2                             0000051F
STX#20                            00000531
STX#21                            00000532
STX#22                            00000533
STX#23                            00000534
STX#24                            00000535
STX#25                            00000536
STX#26                            00000537
STX#27                            00000538
STX#28                            00000539
STX#29                            0000053A
STX#3                             00000520
STX#30                            0000053B
STX#31                            0000053C
STX#32                            0000053D
STX#33                            0000053E
STX#34                            0000053F
STX#35                            00000540
STX#36                            00000541
STX#37                            00000542
STX#38                            00000543
STX#39                            00000544
STX#4                             00000521
STX#40                            00000545
STX#41                            00000546
STX#42                            00000547
STX#43                            00000548
STX#44                            00000549
STX#45                            0000054A
STX#46                            0000054B
STX#47                            0000054C
STX#48                            0000054D
STX#49                            0000054E
STX#5                             00000522
STX#50                            0000054F
STX#51                            00000550
STX#52                            00000551
STX#53                            00000552
STX#54                            00000553
STX#55                            00000554
STX#56                            00000555
STX#57                            00000556
STX#58                            00000557
STX#59                            00000558
STX#6                             00000523
STX#60                            00000559
STX#61                            0000055A
STX#62                            0000055B
STX#63                            0000055C
STX#64                            0000055D
STX#65                            0000055E
STX#66                            0000055F
STX#67                            00000560
STX#68                            00000561
STX#69                            00000562
STX#7                             00000524
STX#70                            00000563
STX#71                            00000564
STX#72                            00000565
STX#73                            00000566
STX#74                            00000567
STX#75                            00000568
STX#76                            00000569
STX#77                            0000056A
STX#78                            0000056B
STX#79                            0000056C
STX#8                             00000525
STX#80                            0000056D
STX#81                            0000056E
STX#82                            0000056F
STX#83                            00000570
STX#84                            00000571
STX#85                            00000572
STX#86                            00000573
STX#87                            00000574
STX#88                            00000575
STX#89                            00000576
STX#9                             00000526
STX#90                            00000577
STX#91                            00000578
STX#92                            00000579
STX#93                            0000057A
STX#94                            0000057B
STX#95                            0000057C
STX#96                            0000057D
T0CKIPPS                          00000241
T0CON0                            0000031A
T0CON1                            0000031B
T1CKIPPS                          00000242
T1CLK                             00000317
T1CON                             00000314
T1GATE                            00000316
T1GCON                            00000315
T1GPPS                            00000243
T2CLK                             00000321
T2CLKCON                          00000321
T2CON                             0000031F
T2HLT                             00000320
T2INPPS                           00000248
T2PR                              0000031E
T2RST                             00000322
T2TMR                             0000031D
T3CKIPPS                          00000244
T3CLK                             00000328
T3CON                             00000325
T3GATE                            00000327
T3GCON                            00000326
T3GPPS                            00000245
T4CLK                             0000032E
T4CLKCON                          0000032E
T4CON                             0000032C
T4HLT                             0000032D
T4INPPS                           00000249
T4PR                              0000032B
T4RST                             0000032F
T4TMR                             0000032A
TABLAT                            000004F5
TBLPTRH                           000004F7
TBLPTRL                           000004F6
TBLPTRLH                          000004F7
TBLPTRLHH                         000004F8
TBLPTRLHHH                        000004E8
TBLPTRU                           000004F8
TICK_1MS                          0000066C
TMR0                              00000318
TMR0H                             00000319
TMR0L                             00000318
TMR0LH                            00000319
TMR1CLK                           00000317
TMR1CON                           00000314
TMR1GATE                          00000316
TMR1GCON                          00000315
TMR1H                             00000313
TMR1L                             00000312
TMR1LH                            00000313
TMR2                              0000031D
TMR3CLK                           00000328
TMR3CON                           00000325
TMR3GATE                          00000327
TMR3GCON                          00000326
TMR3H                             00000324
TMR3L                             00000323
TMR3LH                            00000324
TMR4                              0000032A
TO                                00000006
TOSH                              000004FE
TOSL                              000004FD
TOSLH                             000004FE
TOSLHH                            000004FF
TOSLHHH                           000004E8
TOSU                              000004FF
TRISA                             00000148
TRISB                             00000149
TRISC                             0000014A
TRISD                             0000014B
TRISE                             0000014C
TRISF                             0000014D
TU16ACLK                          000003A8
TU16ACON0                         000003A0
TU16ACON1                         000003A1
TU16ACRH                          000003A5
TU16ACRL                          000003A4
TU16AERS                          000003A9
TU16AHLT                          000003A2
TU16APRH                          000003A7
TU16APRL                          000003A6
TU16APS                           000003A3
TU16ATMRH                         000003A5
TU16ATMRL                         000003A4
TU16BCLK                          000003B2
TU16BCON0                         000003AA
TU16BCON1                         000003AB
TU16BCRH                          000003AF
TU16BCRL                          000003AE
TU16BERS                          000003B3
TU16BHLT                          000003AC
TU16BPRH                          000003B1
TU16BPRL                          000003B0
TU16BPS                           000003AD
TU16BTMRH                         000003AF
TU16BTMRL                         000003AE
TUCHAIN                           000003B4
TUIN0PPS                          00000278
TUIN1PPS                          00000279
TX_BAR                            00000ACA
TX_CHAR                           00000B58
TX_HELP                           00000B9A
TX_LINE                           00000B66
U1BRGH                            000002AE
U1BRGL                            000002AD
U1BRGLH                           000002AE
U1CON0                            000002AA
U1CON1                            000002AB
U1CON2                            000002AC
U1CTSPPS                          00000273
U1ERRIE                           000002B2
U1ERRIR                           000002B1
U1FIFO                            000002AF
U1P1H                             000002A5
U1P1L                             000002A4
U1P1LH                            000002A5
U1P2H                             000002A7
U1P2L                             000002A6
U1P2LH                            000002A7
U1P3H                             000002A9
U1P3L                             000002A8
U1P3LH                            000002A9
U1RXB                             000002A0
U1RXBL                            000002A0
U1RXCHK                           000002A1
U1RXPPS                           00000272
U1TXB                             000002A2
U1TXBL                            000002A2
U1TXCHK                           000002A3
U1UIR                             000002B0
U2BRGH                            000002C2
U2BRGL                            000002C1
U2BRGLH                           000002C2
U2CON0                            000002BE
U2CON1                            000002BF
U2CON2                            000002C0
U2CTSPPS                          00000275
U2ERRIE                           000002C6
U2ERRIR                           000002C5
U2FIFO                            000002C3
U2P1                              000002B8
U2P1L                             000002B8
U2P2                              000002BA
U2P2L                             000002BA
U2P3                              000002BC
U2P3L                             000002BC
U2RXB                             000002B4
U2RXBL                            000002B4
U2RXPPS                           00000274
U2TXB                             000002B6
U2TXBL                            000002B6
U2UIR                             000002C4
VREGCON                           00000048
WCYC                              000005B9
WCYCH                             000005BA
WDTCON0                           00000078
WDTCON1                           00000079
WDTPSH                            0000007B
WDTPSL                            0000007A
WDTPSLH                           0000007B
WDTTMR                            0000007C
WIRE_DECIDE                       00000C5A
WN                                000005B1
WNEXT                             000005AF
WNEXTH                            000005B0
WNH                               000005B2
WPUA                              00000401
WPUB                              00000409
WPUC                              00000411
WPUD                              00000419
WPUE                              00000421
WPUF                              00000429
WREG                              000004E8
WREG_CSHAD                        00000374
WREG_SHAD                         00000378
WT                                000005AB
WTH                               000005AC
WX                                000005AD
WXH                               000005AE
XTAL                              64
Z                                 00000002
ZCDCON                            0000004C
_ADC                              2
_ADC_RES                          12
_B__VR1                           0000051C
_COMPILER_MAIN_START_             00000534
_COMPILER__START_                 00000000
_CORE                             16
_CPLB__8                          00000AFE
_CWRITE_BLOCK                     1
_EEPROM                           256
_FLASH                            1
_FLASHSTR_RAMSTR_COMPARE_         00000206
_FLASHSTR_RAMSTR_COMPARE_24_      00000206
_I2C_SCL_PIN                      00000003
_I2C_SCL_PORT                     0000014A
_I2C_SDA_PIN                      00000004
_I2C_SDA_PORT                     0000014A
_LBL__10                          00000610
_LBL__101                         00000B68
_LBL__102                         00000B8E
_LBL__104                         00000BC8
_LBL__105                         00000BF6
_LBL__107                         00000BE2
_LBL__108                         00000BF6
_LBL__110                         00000C7E
_LBL__112                         00000C6E
_LBL__113                         00000C7A
_LBL__12                          0000060E
_LBL__13                          00000636
_LBL__15                          00000618
_LBL__17                          00000636
_LBL__19                          00000658
_LBL__2                           000005DA
_LBL__21                          00000648
_LBL__23                          00000652
_LBL__24                          00000654
_LBL__26                          0000066A
_LBL__28                          0000067A
_LBL__3                           0000066C
_LBL__30                          0000067A
_LBL__32                          000006AA
_LBL__34                          000006AA
_LBL__36                          000006B0
_LBL__37                          0000090E
_LBL__38                          00000784
_LBL__4                           0000066A
_LBL__41                          000006CA
_LBL__43                          00000704
_LBL__45                          00000704
_LBL__47                          00000782
_LBL__49                          0000076E
_LBL__5                           000005DA
_LBL__50                          00000780
_LBL__52                          00000892
_LBL__54                          0000079C
_LBL__56                          000007BA
_LBL__58                          00000890
_LBL__6                           00000638
_LBL__60                          0000090E
_LBL__62                          0000090E
_LBL__64                          000008B4
_LBL__66                          00000960
_LBL__67                          00000A72
_LBL__68                          00000A72
_LBL__69                          00000996
_LBL__72                          000009D0
_LBL__74                          000009FA
_LBL__76                          00000A10
_LBL__78                          00000A28
_LBL__8                           000005EC
_LBL__80                          00000A72
_LBL__84                          00000A96
_LBL__86                          00000AAC
_LBL__87                          00000AB0
_LBL__89                          00000AB6
_LBL__91                          00000AC2
_LBL__92                          00000AC6
_LBL__93                          00000AE6
_LBL__94                          00000B24
_LBL__96                          00000B10
_LBL__97                          00000B20
_LBL__98                          00000B58
_LBL__99                          00000B60
_MAXMEM                           0X010000
_MAXRAM                           4096
_PBLB__114                        00000C88
_PBLB__81                         00000A3E
_PBLB__82                         00000A4A
_PPS_FN_ADGRDA                    00000027
_PPS_FN_ADGRDB                    00000028
_PPS_FN_C1OUT                     0000001B
_PPS_FN_C2OUT                     0000001C
_PPS_FN_CCP1                      0000000D
_PPS_FN_CCP2                      0000000E
_PPS_FN_CLC1                      00000001
_PPS_FN_CLC2                      00000002
_PPS_FN_CLC3                      00000003
_PPS_FN_CLC4                      00000004
_PPS_FN_CLC5                      00000005
_PPS_FN_CLC6                      00000006
_PPS_FN_CLC7                      00000007
_PPS_FN_CLC8                      00000008
_PPS_FN_CLKR                      00000026
_PPS_FN_CWG1A                     00000009
_PPS_FN_CWG1B                     0000000A
_PPS_FN_CWG1C                     0000000B
_PPS_FN_CWG1D                     0000000C
_PPS_FN_NCO1                      00000025
_PPS_FN_PWM11                     0000000F
_PPS_FN_PWM12                     00000010
_PPS_FN_PWM21                     00000011
_PPS_FN_PWM22                     00000012
_PPS_FN_PWM31                     00000013
_PPS_FN_PWM32                     00000014
_PPS_FN_RTS1                      00000017
_PPS_FN_RTS2                      0000001A
_PPS_FN_SCK1                      0000001D
_PPS_FN_SCL1                      00000020
_PPS_FN_SDA1                      00000021
_PPS_FN_SDO1                      0000001E
_PPS_FN_SS1                       0000001F
_PPS_FN_TMR0                      00000022
_PPS_FN_TU16A                     00000023
_PPS_FN_TU16B                     00000024
_PPS_FN_TX1                       00000015
_PPS_FN_TX2                       00000018
_PPS_FN_TXDE1                     00000016
_PPS_FN_TXDE2                     00000019
_RAM_END                          0X14FF
_STRLB__1                         0000021A
_STRLB__10                        000002EC
_STRLB__11                        000002F2
_STRLB__12                        0000030E
_STRLB__13                        00000314
_STRLB__14                        00000334
_STRLB__15                        0000033C
_STRLB__16                        0000034A
_STRLB__17                        00000360
_STRLB__18                        00000380
_STRLB__19                        000003C8
_STRLB__2                         0000022C
_STRLB__20                        00000410
_STRLB__21                        0000044E
_STRLB__22                        00000482
_STRLB__23                        000004AE
_STRLB__24                        000004DE
_STRLB__25                        00000504
_STRLB__3                         00000236
_STRLB__4                         00000242
_STRLB__5                         0000024A
_STRLB__6                         00000280
_STRLB__7                         00000286
_STRLB__8                         000002BC
_STRLB__9                         000002C2
_TO__LOWER_                       000001EE
_TRIS_OFFSET                      -8
_USART                            2
_USB                              0
__18F56Q71                        1
__ADIN_TYPE                       1
__BYTE_SEND__                     00000092
__BYTE_SEND__CHECKNEXT4           000000A0
__DEC__ASCII__OUT                 0000003A
__DEC__ASCII__OUTB                00000034
__DEC__ASCII__OUTC                00000036
__DEC__ASCII__OUTD                00000038
__DELAYMS_FROM_REGS__             000000A4
__DELAY_MS_                       000000A0
__DELAY_MS_WREG_                  000000A2
__DELAY_US_                       000000BA
__DELAY_US_WREG_                  000000BC
__DIVIDE_INT_U1616_               00000130
__DIVIDE_U1616_                   0000012C
__DIVIDE_U1616_K_                 0000014E
__DIVIDE_U1616_LOOP_              00000134
__DIVIDE_U3232_                   000000D6
__DIVIDE_U3232_LOOP_              000000E4
__DIVIDE_U3232_SKIP_              0000010E
__EE_RW_TYPE                      3
__EOF                             00000C8A
__FLASH_RW_TYPE                   3
__HEX__ASCII__OUT                 0000000E
__HEX__ASCII__OUTB                00000008
__HEX__ASCII__OUTC                0000000A
__HEX__ASCII__OUTD                0000000C
__HPWM_TYPE                       1
__LOAD_FLASHSTRING_TO_RAM_        000001DC
__LOAD_FLASHSTRING_TO_RAM_24_     000001DC
__MOVFFL                          1
__MSSP_TYPE                       1
__MULTIPLY_U3232_                 0000015A
__PPS                             1
__PPS_TYPE                        1
__SEND_DEC_DIGIT__                00000066
__SEND_HEX_DIGIT__                00000028
__SEND_IT_EXIT__                  00000090
__SEND_IT_SKIP__                  00000082
__SEND__IT__                      00000074
__UART_TYPE                       3
__XTAL                            64
MEMORY USAGE MAP ('X' = USED,  '-' = UNUSED)
0000 : XXXXXXXXXXXXXXXX XXXXXXXXXXXXXXXX XXXXXXXXXXXXXXXX XXXXXXXXXXXXXXXX
0040 : XXXXXXXXXXXXXXXX XXXXXXXXXXXXXXXX XXXXXXXXXXXXXXXX XXXXXXXXXXXXXXXX
0080 : XXXXXXXXXXXXXXXX XXXXXXXXXXXXXXXX XXXXXXXXXXXXXXXX XXXXXXXXXXXXXXXX
00C0 : XXXXXXXXXXXXXXXX XXXXXXXXXXXXXXXX XXXXXXXXXXXXXXXX XXXXXXXXXXXXXXXX
0100 : XXXXXXXXXXXXXXXX XXXXXXXXXXXXXXXX XXXXXXXXXXXXXXXX XXXXXXXXXXXXXXXX
0140 : XXXXXXXXXXXXXXXX XXXXXXXXXXXXXXXX XXXXXXXXXXXXXXXX XXXXXXXXXXXXXXXX
0180 : XXXXXXXXXXXXXXXX XXXXXXXXXXXXXXXX XXXXXXXXXXXXXXXX XXXXXXXXXXXXXXXX
01C0 : XXXXXXXXXXXXXXXX XXXXXXXXXXXXXXXX XXXXXXXXXXXXXXXX XXXXXXXXXXXXXXXX
0200 : XXXXXXXXXXXXXXXX XXXXXXXXXXXXXXXX XXXXXXXXXXXXXXXX XXXXXXXXXXXXXXXX
0240 : XXXXXXXXXXXXXXXX XXXXXXXXXXXXXXXX XXXXXXXXXXXXXXXX XXXXXXXXXXXXXXXX
0280 : XXXXXXXXXXXXXXXX XXXXXXXXXXXXXXXX XXXXXXXXXXXXXXXX XXXXXXXXXXXXXXXX
02C0 : XXXXXXXXXXXXXXXX XXXXXXXXXXXXXXXX XXXXXXXXXXXXXXXX XXXXXXXXXXXXXXXX
0300 : XXXXXXXXXXXXXXXX XXXXXXXXXXXXXXXX XXXXXXXXXXXXXXXX XXXXXXXXXXXXXXXX
0340 : XXXXXXXXXXXXXXXX XXXXXXXXXXXXXXXX XXXXXXXXXXXXXXXX XXXXXXXXXXXXXXXX
0380 : XXXXXXXXXXXXXXXX XXXXXXXXXXXXXXXX XXXXXXXXXXXXXXXX XXXXXXXXXXXXXXXX
03C0 : XXXXXXXXXXXXXXXX XXXXXXXXXXXXXXXX XXXXXXXXXXXXXXXX XXXXXXXXXXXXXXXX
0400 : XXXXXXXXXXXXXXXX XXXXXXXXXXXXXXXX XXXXXXXXXXXXXXXX XXXXXXXXXXXXXXXX
0440 : XXXXXXXXXXXXXXXX XXXXXXXXXXXXXXXX XXXXXXXXXXXXXXXX XXXXXXXXXXXXXXXX
0480 : XXXXXXXXXXXXXXXX XXXXXXXXXXXXXXXX XXXXXXXXXXXXXXXX XXXXXXXXXXXXXXXX
04C0 : XXXXXXXXXXXXXXXX XXXXXXXXXXXXXXXX XXXXXXXXXXXXXXXX XXXXXXXXXXXXXXXX
0500 : XXXXXXXXXXXXXXXX XXXXXXXXXXXXXXXX XXXXXXXXXXXXXXXX XXXXXXXXXXXXXXXX
0540 : XXXXXXXXXXXXXXXX XXXXXXXXXXXXXXXX XXXXXXXXXXXXXXXX XXXXXXXXXXXXXXXX
0580 : XXXXXXXXXXXXXXXX XXXXXXXXXXXXXXXX XXXXXXXXXXXXXXXX XXXXXXXXXXXXXXXX
05C0 : XXXXXXXXXXXXXXXX XXXXXXXXXXXXXXXX XXXXXXXXXXXXXXXX XXXXXXXXXXXXXXXX
0600 : XXXXXXXXXXXXXXXX XXXXXXXXXXXXXXXX XXXXXXXXXXXXXXXX XXXXXXXXXXXXXXXX
0640 : XXXXXXXXXXXXXXXX XXXXXXXXXXXXXXXX XXXXXXXXXXXXXXXX XXXXXXXXXXXXXXXX
0680 : XXXXXXXXXXXXXXXX XXXXXXXXXXXXXXXX XXXXXXXXXXXXXXXX XXXXXXXXXXXXXXXX
06C0 : XXXXXXXXXXXXXXXX XXXXXXXXXXXXXXXX XXXXXXXXXXXXXXXX XXXXXXXXXXXXXXXX
0700 : XXXXXXXXXXXXXXXX XXXXXXXXXXXXXXXX XXXXXXXXXXXXXXXX XXXXXXXXXXXXXXXX
0740 : XXXXXXXXXXXXXXXX XXXXXXXXXXXXXXXX XXXXXXXXXXXXXXXX XXXXXXXXXXXXXXXX
0780 : XXXXXXXXXXXXXXXX XXXXXXXXXXXXXXXX XXXXXXXXXXXXXXXX XXXXXXXXXXXXXXXX
07C0 : XXXXXXXXXXXXXXXX XXXXXXXXXXXXXXXX XXXXXXXXXXXXXXXX XXXXXXXXXXXXXXXX
0800 : XXXXXXXXXXXXXXXX XXXXXXXXXXXXXXXX XXXXXXXXXXXXXXXX XXXXXXXXXXXXXXXX
0840 : XXXXXXXXXXXXXXXX XXXXXXXXXXXXXXXX XXXXXXXXXXXXXXXX XXXXXXXXXXXXXXXX
0880 : XXXXXXXXXXXXXXXX XXXXXXXXXXXXXXXX XXXXXXXXXXXXXXXX XXXXXXXXXXXXXXXX
08C0 : XXXXXXXXXXXXXXXX XXXXXXXXXXXXXXXX XXXXXXXXXXXXXXXX XXXXXXXXXXXXXXXX
0900 : XXXXXXXXXXXXXXXX XXXXXXXXXXXXXXXX XXXXXXXXXXXXXXXX XXXXXXXXXXXXXXXX
0940 : XXXXXXXXXXXXXXXX XXXXXXXXXXXXXXXX XXXXXXXXXXXXXXXX XXXXXXXXXXXXXXXX
0980 : XXXXXXXXXXXXXXXX XXXXXXXXXXXXXXXX XXXXXXXXXXXXXXXX XXXXXXXXXXXXXXXX
09C0 : XXXXXXXXXXXXXXXX XXXXXXXXXXXXXXXX XXXXXXXXXXXXXXXX XXXXXXXXXXXXXXXX
0A00 : XXXXXXXXXXXXXXXX XXXXXXXXXXXXXXXX XXXXXXXXXXXXXXXX XXXXXXXXXXXXXXXX
0A40 : XXXXXXXXXXXXXXXX XXXXXXXXXXXXXXXX XXXXXXXXXXXXXXXX XXXXXXXXXXXXXXXX
0A80 : XXXXXXXXXXXXXXXX XXXXXXXXXXXXXXXX XXXXXXXXXXXXXXXX XXXXXXXXXXXXXXXX
0AC0 : XXXXXXXXXXXXXXXX XXXXXXXXXXXXXXXX XXXXXXXXXXXXXXXX XXXXXXXXXXXXXXXX
0B00 : XXXXXXXXXXXXXXXX XXXXXXXXXXXXXXXX XXXXXXXXXXXXXXXX XXXXXXXXXXXXXXXX
0B40 : XXXXXXXXXXXXXXXX XXXXXXXXXXXXXXXX XXXXXXXXXXXXXXXX XXXXXXXXXXXXXXXX
0B80 : XXXXXXXXXXXXXXXX XXXXXXXXXXXXXXXX XXXXXXXXXXXXXXXX XXXXXXXXXXXXXXXX
0BC0 : XXXXXXXXXXXXXXXX XXXXXXXXXXXXXXXX XXXXXXXXXXXXXXXX XXXXXXXXXXXXXXXX
0C00 : XXXXXXXXXXXXXXXX XXXXXXXXXXXXXXXX XXXXXXXXXXXXXXXX XXXXXXXXXXXXXXXX
0C40 : XXXXXXXXXXXXXXXX XXXXXXXXXXXXXXXX XXXXXXXXXXXXXXXX XXXXXXXXXXXXXXXX
0C80 : XXXXXXXXXX------ ---------------- ---------------- ----------------
0000 : XXXXXXXXXXX----- ---------------- ---------------- ----------------
ALL OTHER MEMORY BLOCKS UNUSED.
PROGRAM MEMORY BYTES USED:  3221
PROGRAM MEMORY BYTES FREE: 62315
ERRORS   :     0
WARNINGS :     0 REPORTED,    69 SUPPRESSED
MESSAGES :     1 REPORTED,     1 SUPPRESSED
