
                      00002         LIST
                      00003 ;{
                      00004 ;FILE F1 = C:\VIDEO_PAKETI_02102026_1640\CNANOKIT_02102026_1640\EXAMPLES\CNANO_HELLO_56Q71.BAS
                      00005 ;}
;[Variable Listing]
                      00007 ;bCount,0503,DT_BYTE,1
                      00008 ;bChar,0504,DT_BYTE,1
                      00009 ;bTick,0505,DT_WORD,2
                      00010 ;bSwOld,0502.0,DT_BIT
                      00011 ;bWires,0502.1,DT_BIT
                      00012 ;bKnown,0502.2,DT_BIT
;[End Listing]
                      00014 ;[TOTAL VARS] 7

                      00016 #define config_req 1
                      00017  LIST  P = 18F56Q71, F = INHX32, W = 2, X = ON, R = DEC, MM = ON, N = 0, C = 255, T = ON
                      00019 ; MICROCONTROLLER'S SFRS
  00000039            00020 CLKRCON equ 0x39
  0000003A            00021 CLKRCLK equ 0x3A
  00000040            00022 NVMCON0 equ 0x40
  00000041            00023 NVMCON1 equ 0x41
  00000041            00024 EECON1 equ 0x41
  00000042            00025 NVMLOCK equ 0x42
  00000043            00026 NVMADRL equ 0x43
  00000043            00027 EEADRL equ 0x43
  00000044            00028 NVMADRH equ 0x44
  00000044            00029 NVMADRLH equ 0x44
  00000044            00030 EEADRH equ 0x44
  00000044            00031 EEADRLH equ 0x44
  00000045            00032 NVMADRU equ 0x45
  00000045            00033 NVMADRLHH equ 0x45
  000004E8            00034 NVMADRLHHH equ 0X04E8
  00000045            00035 EEADRHH equ 0x45
  000004E8            00036 EEADRHHH equ 0X04E8
  00000045            00037 EEADRLHH equ 0x45
  000004E8            00038 EEADRLHHH equ 0X04E8
  00000046            00039 NVMDATL equ 0x46
  00000046            00040 NVMDATAL equ 0x46
  00000046            00041 EEDATL equ 0x46
  00000046            00042 EEDATAL equ 0x46
  00000047            00043 NVMDATH equ 0x47
  00000047            00044 NVMDATAH equ 0x47
  00000047            00045 EEDATH equ 0x47
  00000047            00046 EEDATAH equ 0x47
  00000048            00047 VREGCON equ 0x48
  00000049            00048 BORCON equ 0x49
  0000004A            00049 HLVDCON0 equ 0x4A
  0000004B            00050 HLVDCON1 equ 0x4B
  0000004C            00051 ZCDCON equ 0x4C
  00000062            00052 PMD0 equ 0x62
  00000063            00053 PMD1 equ 0x63
  00000064            00054 PMD2 equ 0x64
  00000065            00055 PMD3 equ 0x65
  00000066            00056 PMD4 equ 0x66
  00000067            00057 PMD5 equ 0x67
  00000068            00058 PMD6 equ 0x68
  0000006F            00059 CMOUT equ 0x6F
  00000070            00060 CM1CON0 equ 0x70
  00000071            00061 CM1CON1 equ 0x71
  00000072            00062 CM1NCH equ 0x72
  00000073            00063 CM1PCH equ 0x73
  00000074            00064 CM2CON0 equ 0x74
  00000075            00065 CM2CON1 equ 0x75
  00000076            00066 CM2NCH equ 0x76
  00000077            00067 CM2PCH equ 0x77
  00000078            00068 WDTCON0 equ 0x78
  00000079            00069 WDTCON1 equ 0x79
  0000007A            00070 WDTPSL equ 0x7A
  0000007B            00071 WDTPSH equ 0x7B
  0000007B            00072 WDTPSLH equ 0x7B
  0000007C            00073 WDTTMR equ 0x7C
  0000007D            00074 DAC1DATL equ 0x7D
  0000007E            00075 DAC1DATH equ 0x7E
  0000007F            00076 DAC1CON equ 0x7F
  00000080            00077 SPI1RXB equ 0x80
  00000081            00078 SPI1TXB equ 0x81
  00000082            00079 SPI1TCNTL equ 0x82
  00000083            00080 SPI1TCNTH equ 0x83
  00000083            00081 SPI1TCNTLH equ 0x83
  00000084            00082 SPI1CON0 equ 0x84
  00000085            00083 SPI1CON1 equ 0x85
  00000086            00084 SPI1CON2 equ 0x86
  00000087            00085 SPI1STATUS equ 0x87
  00000088            00086 SPI1TWIDTH equ 0x88
  00000089            00087 SPI1BAUD equ 0x89
  0000008A            00088 SPI1INTF equ 0x8A
  0000008B            00089 SPI1INTE equ 0x8B
  0000008C            00090 SPI1CLK equ 0x8C
  000000AC            00091 ACTCON equ 0xAC
  000000AD            00092 OSCCON1 equ 0xAD
  000000AE            00093 OSCCON2 equ 0xAE
  000000AF            00094 OSCCON3 equ 0xAF
  000000B0            00095 OSCTUNE equ 0xB0
  000000B1            00096 OSCFRQ equ 0xB1
  000000B1            00097 OSCFREQ equ 0xB1
  000000B2            00098 OSCSTAT equ 0xB2
  000000B2            00099 OSCSTAT1 equ 0xB2
  000000B3            00100 OSCEN equ 0xB3
  000000B4            00101 PRLOCK equ 0xB4
  000000B5            00102 SCANPR equ 0xB5
  000000B6            00103 DMA1PR equ 0xB6
  000000B7            00104 DMA2PR equ 0xB7
  000000B8            00105 DMA3PR equ 0xB8
  000000B9            00106 DMA4PR equ 0xB9
  000000BE            00107 MAINPR equ 0xBE
  000000BF            00108 ISRPR equ 0xBF
  000000C0            00109 DAC2DAT equ 0xC0
  000000C0            00110 DAC2DATL equ 0xC0
  000000C2            00111 DAC2CON equ 0xC2
  000000C3            00112 DAC3DAT equ 0xC3
  000000C3            00113 DAC3DATL equ 0xC3
  000000C5            00114 DAC3CON equ 0xC5
  000000D4            00115 CLCDATA equ 0xD4
  000000D5            00116 CLCSELECT equ 0xD5
  000000D6            00117 CLCNCON equ 0xD6
  000000D7            00118 CLCNPOL equ 0xD7
  000000D8            00119 CLCNSEL0 equ 0xD8
  000000D9            00120 CLCNSEL1 equ 0xD9
  000000DA            00121 CLCNSEL2 equ 0xDA
  000000DB            00122 CLCNSEL3 equ 0xDB
  000000DC            00123 CLCNGLS0 equ 0xDC
  000000DD            00124 CLCNGLS1 equ 0xDD
  000000DE            00125 CLCNGLS2 equ 0xDE
  000000DF            00126 CLCNGLS3 equ 0xDF
  000000E8            00127 DMASELECT equ 0xE8
  000000E9            00128 DMANBUF equ 0xE9
  000000EA            00129 DMANDCNTL equ 0xEA
  000000EB            00130 DMANDCNTH equ 0xEB
  000000EB            00131 DMANDCNTLH equ 0xEB
  000000EC            00132 DMANDPTRL equ 0xEC
  000000ED            00133 DMANDPTRH equ 0xED
  000000ED            00134 DMANDPTRLH equ 0xED
  000000EE            00135 DMANDSZL equ 0xEE
  000000EF            00136 DMANDSZH equ 0xEF
  000000EF            00137 DMANDSZLH equ 0xEF
  000000F0            00138 DMANDSAL equ 0xF0
  000000F1            00139 DMANDSAH equ 0xF1
  000000F1            00140 DMANDSAH equ 0xF1
  000000F2            00141 DMANSCNTL equ 0xF2
  000000F3            00142 DMANSCNTH equ 0xF3
  000000F3            00143 DMANSCNTLH equ 0xF3
  000000F4            00144 DMANSPTRL equ 0xF4
  000000F5            00145 DMANSPTRH equ 0xF5
  000000F5            00146 DMANSPTRLH equ 0xF5
  000000F6            00147 DMANSPTRU equ 0xF6
  000000F6            00148 DMANSPTRLHH equ 0xF6
  000004E8            00149 DMANSPTRLHHH equ 0X04E8
  000000F7            00150 DMANSSZL equ 0xF7
  000000F8            00151 DMANSSZH equ 0xF8
  000000F8            00152 DMANSSZLH equ 0xF8
  000000F9            00153 DMANSSAL equ 0xF9
  000000FA            00154 DMANSSAH equ 0xFA
  000000FA            00155 DMANSSALH equ 0xFA
  000000FB            00156 DMANSSAU equ 0xFB
  000000FB            00157 DMANSSALHH equ 0xFB
  000004E8            00158 DMANSSALHHH equ 0X04E8
  000000FC            00159 DMANCON0 equ 0xFC
  000000FD            00160 DMANCON1 equ 0xFD
  000000FE            00161 DMANAIRQ equ 0xFE
  000000FF            00162 DMANSIRQ equ 0xFF
                      00163 ; START OF SFR RAM BANK 1
  00000100            00164 PORTW equ 0X0100
  00000101            00165 LATW equ 0X0101
  00000102            00166 PORTWIN0 equ 0X0102
  00000103            00167 PORTWIN1 equ 0X0103
  00000104            00168 PORTWIN2 equ 0X0104
  00000105            00169 PORTWIN3 equ 0X0105
  00000106            00170 PORTWIN4 equ 0X0106
  00000107            00171 PORTWIN5 equ 0X0107
  00000108            00172 PORTWIN6 equ 0X0108
  00000109            00173 PORTWIN7 equ 0X0109
  0000010A            00174 PORTWCLK equ 0X010A
  0000010B            00175 PORTWDF equ 0X010B
  0000010C            00176 PORTWCON equ 0X010C
  00000110            00177 ADCGA equ 0X0110
  00000111            00178 ADCGB equ 0X0111
  00000112            00179 ADCGC equ 0X0112
  00000113            00180 ADCGD equ 0X0113
  00000114            00181 ADCGE equ 0X0114
  00000115            00182 ADCGF equ 0X0115
  0000011F            00183 OPA1CON0 equ 0X011F
  00000120            00184 OPA1CON1 equ 0X0120
  00000121            00185 OPA1CON2 equ 0X0121
  00000122            00186 OPA1CON3 equ 0X0122
  00000123            00187 OPA1CON4 equ 0X0123
  00000124            00188 OPA1HWC equ 0X0124
  00000125            00189 OPA1OFFSET equ 0X0125
  00000126            00190 OPA1ORS equ 0X0126
  00000127            00191 OPA2CON0 equ 0X0127
  00000128            00192 OPA2CON1 equ 0X0128
  00000129            00193 OPA2CON2 equ 0X0129
  0000012A            00194 OPA2CON3 equ 0X012A
  0000012B            00195 OPA2CON4 equ 0X012B
  0000012C            00196 OPA2HWC equ 0X012C
  0000012D            00197 OPA2OFFSET equ 0X012D
  0000012E            00198 OPA2ORS equ 0X012E
  00000140            00199 LATA equ 0X0140
  00000141            00200 LATB equ 0X0141
  00000142            00201 LATC equ 0X0142
  00000143            00202 LATD equ 0X0143
  00000144            00203 LATE equ 0X0144
  00000145            00204 LATF equ 0X0145
  00000148            00205 TRISA equ 0X0148
  00000149            00206 TRISB equ 0X0149
  0000014A            00207 TRISC equ 0X014A
  0000014B            00208 TRISD equ 0X014B
  0000014C            00209 TRISE equ 0X014C
  0000014D            00210 TRISF equ 0X014D
  00000150            00211 PORTA equ 0X0150
  00000151            00212 PORTB equ 0X0151
  00000152            00213 PORTC equ 0X0152
  00000153            00214 PORTD equ 0X0153
  00000154            00215 PORTE equ 0X0154
  00000155            00216 PORTF equ 0X0155
  000001C0            00217 APMCON equ 0X01C0
  000001C1            00218 APMPREL equ 0X01C1
  000001C2            00219 APMPREH equ 0X01C2
  000001C3            00220 APMPERL equ 0X01C3
  000001C4            00221 APMPERH equ 0X01C4
  000001C5            00222 APMSTART1L equ 0X01C5
  000001C6            00223 APMSTART1H equ 0X01C6
  000001C7            00224 APMPERS1L equ 0X01C7
  000001C8            00225 APMPERS1H equ 0X01C8
  000001C9            00226 APMSTART2L equ 0X01C9
  000001CA            00227 APMSTART2H equ 0X01CA
  000001CB            00228 APMSTART2U equ 0X01CB
  000001CC            00229 APMPERS2L equ 0X01CC
  000001CD            00230 APMPERS2H equ 0X01CD
  000001CE            00231 APMEND1L equ 0X01CE
  000001CF            00232 APMEND1H equ 0X01CF
  000001D0            00233 APMEND1U equ 0X01D0
  000001D1            00234 APMPERE1L equ 0X01D1
  000001D2            00235 APMPERE1H equ 0X01D2
  000001D3            00236 APMEND2L equ 0X01D3
  000001D4            00237 APMEND2H equ 0X01D4
  000001D5            00238 APMEND2U equ 0X01D5
  000001D6            00239 APMPERE2L equ 0X01D6
  000001D7            00240 APMPERE2H equ 0X01D7
  000001D8            00241 APMCLK equ 0X01D8
  000001D9            00242 APMSTATUSL equ 0X01D9
  000001DA            00243 APMSTATUSH equ 0X01DA
                      00244 ; START OF SFR RAM BANK 2
  00000200            00245 PPSLOCK equ 0X0200
  00000201            00246 RA0PPS equ 0X0201
  00000202            00247 RA1PPS equ 0X0202
  00000203            00248 RA2PPS equ 0X0203
  00000204            00249 RA3PPS equ 0X0204
  00000205            00250 RA4PPS equ 0X0205
  00000206            00251 RA5PPS equ 0X0206
  00000207            00252 RA6PPS equ 0X0207
  00000208            00253 RA7PPS equ 0X0208
  00000209            00254 RB0PPS equ 0X0209
  0000020A            00255 RB1PPS equ 0X020A
  0000020B            00256 RB2PPS equ 0X020B
  0000020C            00257 RB3PPS equ 0X020C
  0000020D            00258 RB4PPS equ 0X020D
  0000020E            00259 RB5PPS equ 0X020E
  0000020F            00260 RB6PPS equ 0X020F
  00000210            00261 RB7PPS equ 0X0210
  00000211            00262 RC0PPS equ 0X0211
  00000212            00263 RC1PPS equ 0X0212
  00000213            00264 RC2PPS equ 0X0213
  00000214            00265 RC3PPS equ 0X0214
  00000215            00266 RC4PPS equ 0X0215
  00000216            00267 RC5PPS equ 0X0216
  00000217            00268 RC6PPS equ 0X0217
  00000218            00269 RC7PPS equ 0X0218
  00000219            00270 RD0PPS equ 0X0219
  0000021A            00271 RD1PPS equ 0X021A
  0000021B            00272 RD2PPS equ 0X021B
  0000021C            00273 RD3PPS equ 0X021C
  0000021D            00274 RD4PPS equ 0X021D
  0000021E            00275 RD5PPS equ 0X021E
  0000021F            00276 RD6PPS equ 0X021F
  00000220            00277 RD7PPS equ 0X0220
  00000221            00278 RE0PPS equ 0X0221
  00000222            00279 RE1PPS equ 0X0222
  00000223            00280 RE2PPS equ 0X0223
  00000225            00281 RF0PPS equ 0X0225
  00000226            00282 RF1PPS equ 0X0226
  00000227            00283 RF2PPS equ 0X0227
  00000228            00284 RF3PPS equ 0X0228
  00000229            00285 RF4PPS equ 0X0229
  0000022A            00286 RF5PPS equ 0X022A
  0000022B            00287 RF6PPS equ 0X022B
  0000022C            00288 RF7PPS equ 0X022C
  0000023E            00289 INT0PPS equ 0X023E
  0000023F            00290 INT1PPS equ 0X023F
  00000240            00291 INT2PPS equ 0X0240
  00000241            00292 T0CKIPPS equ 0X0241
  00000242            00293 T1CKIPPS equ 0X0242
  00000243            00294 T1GPPS equ 0X0243
  00000244            00295 T3CKIPPS equ 0X0244
  00000245            00296 T3GPPS equ 0X0245
  00000248            00297 T2INPPS equ 0X0248
  00000249            00298 T4INPPS equ 0X0249
  0000024F            00299 CCP1PPS equ 0X024F
  00000250            00300 CCP2PPS equ 0X0250
  00000251            00301 PWM1ERSPPS equ 0X0251
  00000252            00302 PWM2ERSPPS equ 0X0252
  00000253            00303 PWM3ERSPPS equ 0X0253
  00000257            00304 PWMIN0PPS equ 0X0257
  00000258            00305 PWMIN1PPS equ 0X0258
  0000025B            00306 CWG1PPS equ 0X025B
  0000025B            00307 CWG1INPPS equ 0X025B
  00000261            00308 CLCIN0PPS equ 0X0261
  00000262            00309 CLCIN1PPS equ 0X0262
  00000263            00310 CLCIN2PPS equ 0X0263
  00000264            00311 CLCIN3PPS equ 0X0264
  00000265            00312 CLCIN4PPS equ 0X0265
  00000266            00313 CLCIN5PPS equ 0X0266
  00000267            00314 CLCIN6PPS equ 0X0267
  00000268            00315 CLCIN7PPS equ 0X0268
  00000269            00316 ADACTPPS equ 0X0269
  0000026A            00317 SPI1SCKPPS equ 0X026A
  0000026B            00318 SPI1SDIPPS equ 0X026B
  0000026C            00319 SPI1SSPPS equ 0X026C
  00000270            00320 I2C1SDAPPS equ 0X0270
  00000271            00321 I2C1SCLPPS equ 0X0271
  00000272            00322 U1RXPPS equ 0X0272
  00000273            00323 U1CTSPPS equ 0X0273
  00000274            00324 U2RXPPS equ 0X0274
  00000275            00325 U2CTSPPS equ 0X0275
  00000276            00326 OPA1ORPPS equ 0X0276
  00000277            00327 OPA2ORPPS equ 0X0277
  00000278            00328 TUIN0PPS equ 0X0278
  00000279            00329 TUIN1PPS equ 0X0279
  0000027A            00330 APMCLKPPS equ 0X027A
  00000285            00331 RB2I2C equ 0X0285
  00000286            00332 RB1I2C equ 0X0286
  00000287            00333 RC4I2C equ 0X0287
  00000288            00334 RC3I2C equ 0X0288
  00000289            00335 I2C1RXB equ 0X0289
  0000028A            00336 I2C1TXB equ 0X028A
  0000028B            00337 I2C1CNTL equ 0X028B
  0000028C            00338 I2C1CNTH equ 0X028C
  0000028C            00339 I2C1CNTLH equ 0X028C
  0000028D            00340 I2C1ADB0 equ 0X028D
  0000028E            00341 I2C1ADB1 equ 0X028E
  0000028F            00342 I2C1ADR0 equ 0X028F
  00000290            00343 I2C1ADR1 equ 0X0290
  00000291            00344 I2C1ADR2 equ 0X0291
  00000292            00345 I2C1ADR3 equ 0X0292
  00000293            00346 I2C1CON0 equ 0X0293
  00000294            00347 I2C1CON1 equ 0X0294
  00000295            00348 I2C1CON2 equ 0X0295
  00000296            00349 I2C1CON3 equ 0X0296
  00000297            00350 I2C1ERR equ 0X0297
  00000298            00351 I2C1STAT0 equ 0X0298
  00000299            00352 I2C1STAT1 equ 0X0299
  0000029A            00353 I2C1PIR equ 0X029A
  0000029B            00354 I2C1PIE equ 0X029B
  0000029C            00355 I2C1BTO equ 0X029C
  0000029D            00356 I2C1BAUD equ 0X029D
  0000029E            00357 I2C1CLK equ 0X029E
  0000029F            00358 I2C1BTOC equ 0X029F
  000002A0            00359 U1RXB equ 0X02A0
  000002A0            00360 U1RXBL equ 0X02A0
  000002A1            00361 U1RXCHK equ 0X02A1
  000002A2            00362 U1TXB equ 0X02A2
  000002A2            00363 U1TXBL equ 0X02A2
  000002A3            00364 U1TXCHK equ 0X02A3
  000002A4            00365 U1P1L equ 0X02A4
  000002A5            00366 U1P1H equ 0X02A5
  000002A5            00367 U1P1LH equ 0X02A5
  000002A6            00368 U1P2L equ 0X02A6
  000002A7            00369 U1P2H equ 0X02A7
  000002A7            00370 U1P2LH equ 0X02A7
  000002A8            00371 U1P3L equ 0X02A8
  000002A9            00372 U1P3H equ 0X02A9
  000002A9            00373 U1P3LH equ 0X02A9
  000002AA            00374 U1CON0 equ 0X02AA
  000002AB            00375 U1CON1 equ 0X02AB
  000002AC            00376 U1CON2 equ 0X02AC
  000002AD            00377 U1BRGL equ 0X02AD
  000002AE            00378 U1BRGH equ 0X02AE
  000002AE            00379 U1BRGLH equ 0X02AE
  000002AF            00380 U1FIFO equ 0X02AF
  000002B0            00381 U1UIR equ 0X02B0
  000002B1            00382 U1ERRIR equ 0X02B1
  000002B2            00383 U1ERRIE equ 0X02B2
  000002B4            00384 U2RXB equ 0X02B4
  000002B4            00385 U2RXBL equ 0X02B4
  000002B6            00386 U2TXB equ 0X02B6
  000002B6            00387 U2TXBL equ 0X02B6
  000002B8            00388 U2P1 equ 0X02B8
  000002B8            00389 U2P1L equ 0X02B8
  000002BA            00390 U2P2 equ 0X02BA
  000002BA            00391 U2P2L equ 0X02BA
  000002BC            00392 U2P3 equ 0X02BC
  000002BC            00393 U2P3L equ 0X02BC
  000002BE            00394 U2CON0 equ 0X02BE
  000002BF            00395 U2CON1 equ 0X02BF
  000002C0            00396 U2CON2 equ 0X02C0
  000002C1            00397 U2BRGL equ 0X02C1
  000002C2            00398 U2BRGH equ 0X02C2
  000002C2            00399 U2BRGLH equ 0X02C2
  000002C3            00400 U2FIFO equ 0X02C3
  000002C4            00401 U2UIR equ 0X02C4
  000002C5            00402 U2ERRIR equ 0X02C5
  000002C6            00403 U2ERRIE equ 0X02C6
  00000312            00404 TMR1L equ 0X0312
  00000313            00405 TMR1H equ 0X0313
  00000313            00406 TMR1LH equ 0X0313
  00000314            00407 T1CON equ 0X0314
  00000314            00408 TMR1CON equ 0X0314
  00000315            00409 T1GCON equ 0X0315
  00000315            00410 TMR1GCON equ 0X0315
  00000316            00411 T1GATE equ 0X0316
  00000316            00412 TMR1GATE equ 0X0316
  00000317            00413 T1CLK equ 0X0317
  00000317            00414 TMR1CLK equ 0X0317
  00000317            00415 PR1 equ 0X0317
  00000318            00416 TMR0L equ 0X0318
  00000318            00417 TMR0 equ 0X0318
  00000319            00418 TMR0H equ 0X0319
  00000319            00419 TMR0LH equ 0X0319
  00000319            00420 PR0 equ 0X0319
  0000031A            00421 T0CON0 equ 0X031A
  0000031B            00422 T0CON1 equ 0X031B
  0000031D            00423 T2TMR equ 0X031D
  0000031D            00424 TMR2 equ 0X031D
  0000031E            00425 T2PR equ 0X031E
  0000031E            00426 PR2 equ 0X031E
  0000031F            00427 T2CON equ 0X031F
  00000320            00428 T2HLT equ 0X0320
  00000321            00429 T2CLKCON equ 0X0321
  00000321            00430 T2CLK equ 0X0321
  00000322            00431 T2RST equ 0X0322
  00000323            00432 TMR3L equ 0X0323
  00000324            00433 TMR3H equ 0X0324
  00000324            00434 TMR3LH equ 0X0324
  00000325            00435 T3CON equ 0X0325
  00000325            00436 TMR3CON equ 0X0325
  00000326            00437 T3GCON equ 0X0326
  00000326            00438 TMR3GCON equ 0X0326
  00000327            00439 T3GATE equ 0X0327
  00000327            00440 TMR3GATE equ 0X0327
  00000328            00441 T3CLK equ 0X0328
  00000328            00442 TMR3CLK equ 0X0328
  00000328            00443 PR3 equ 0X0328
  0000032A            00444 T4TMR equ 0X032A
  0000032A            00445 TMR4 equ 0X032A
  0000032B            00446 T4PR equ 0X032B
  0000032B            00447 PR4 equ 0X032B
  0000032C            00448 T4CON equ 0X032C
  0000032D            00449 T4HLT equ 0X032D
  0000032E            00450 T4CLKCON equ 0X032E
  0000032E            00451 T4CLK equ 0X032E
  0000032F            00452 T4RST equ 0X032F
  00000340            00453 CCPR1L equ 0X0340
  00000341            00454 CCPR1H equ 0X0341
  00000341            00455 CCPR1LH equ 0X0341
  00000342            00456 CCP1CON equ 0X0342
  00000343            00457 CCP1CAP equ 0X0343
  00000344            00458 CCPR2L equ 0X0344
  00000345            00459 CCPR2H equ 0X0345
  00000345            00460 CCPR2LH equ 0X0345
  00000346            00461 CCP2CON equ 0X0346
  00000347            00462 CCP2CAP equ 0X0347
  0000034C            00463 CCPTMRS0 equ 0X034C
  0000034E            00464 CRCDATAL equ 0X034E
  0000034F            00465 CRCDATAH equ 0X034F
  0000034F            00466 CRCDATALH equ 0X034F
  00000350            00467 CRCDATAU equ 0X0350
  00000350            00468 CRCDATALHH equ 0X0350
  00000351            00469 CRCDATAT equ 0X0351
  00000352            00470 CRCOUTL equ 0X0352
  00000352            00471 CRCSHFTL equ 0X0352
  00000352            00472 CRCSHIFTL equ 0X0352
  00000352            00473 CRCXORL equ 0X0352
  00000353            00474 CRCOUTH equ 0X0353
  00000353            00475 CRCOUTLH equ 0X0353
  00000353            00476 CRCSHFTH equ 0X0353
  00000353            00477 CRCSHFTLH equ 0X0353
  00000353            00478 CRCSHIFTH equ 0X0353
  00000353            00479 CRCSHIFTLH equ 0X0353
  00000353            00480 CRCXORH equ 0X0353
  00000353            00481 CRCXORLH equ 0X0353
  00000354            00482 CRCOUTU equ 0X0354
  00000354            00483 CRCOUTLHH equ 0X0354
  00000354            00484 CRCSHFTU equ 0X0354
  00000354            00485 CRCSHFTLHH equ 0X0354
  00000354            00486 CRCSHIFTU equ 0X0354
  00000354            00487 CRCSHIFTLHH equ 0X0354
  00000354            00488 CRCXORU equ 0X0354
  00000354            00489 CRCXORLHH equ 0X0354
  00000355            00490 CRCOUTT equ 0X0355
  00000355            00491 CRCSHFTT equ 0X0355
  00000355            00492 CRCSHIFTT equ 0X0355
  00000355            00493 CRCXORT equ 0X0355
  00000356            00494 CRCCON0 equ 0X0356
  00000357            00495 CRCCON1 equ 0X0357
  00000358            00496 CRCCON2 equ 0X0358
  0000035A            00497 SCANLADRL equ 0X035A
  0000035B            00498 SCANLADRH equ 0X035B
  0000035B            00499 SCANLADRLH equ 0X035B
  0000035C            00500 SCANLADRU equ 0X035C
  0000035C            00501 SCANLADRLHH equ 0X035C
  000004E8            00502 SCANLADRLHHH equ 0X04E8
  0000035D            00503 SCANHADRL equ 0X035D
  0000035E            00504 SCANHADRH equ 0X035E
  0000035E            00505 SCANHADRLH equ 0X035E
  0000035F            00506 SCANHADRU equ 0X035F
  0000035F            00507 SCANHADRLHH equ 0X035F
  000004E8            00508 SCANHADRLHHH equ 0X04E8
  00000360            00509 SCANCON0 equ 0X0360
  00000361            00510 SCANTRIG equ 0X0361
  00000373            00511 STATUS_CSHAD equ 0X0373
  00000374            00512 WREG_CSHAD equ 0X0374
  00000375            00513 BSR_CSHAD equ 0X0375
  00000376            00514 SHADCON equ 0X0376
  00000377            00515 STATUS_SHAD equ 0X0377
  00000378            00516 WREG_SHAD equ 0X0378
  00000379            00517 BSR_SHAD equ 0X0379
  0000037A            00518 PCLATH_SHAD equ 0X037A
  0000037A            00519 PCLATLH_SHAD equ 0X037A
  0000037B            00520 PCLATU_SHAD equ 0X037B
  0000037B            00521 PCLATHH_SHAD equ 0X037B
  000004E8            00522 PCLATHHH equ 0X04E8
  0000037C            00523 FSR0L_SHAD equ 0X037C
  0000037D            00524 FSR0H_SHAD equ 0X037D
  0000037D            00525 FSR0LH_SHAD equ 0X037D
  0000037E            00526 FSR1L_SHAD equ 0X037E
  0000037F            00527 FSR1H_SHAD equ 0X037F
  0000037F            00528 FSR1LH_SHAD equ 0X037F
  00000380            00529 FSR2L_SHAD equ 0X0380
  00000381            00530 FSR2H_SHAD equ 0X0381
  00000381            00531 FSR2LH_SHAD equ 0X0381
  00000382            00532 PRODL_SHAD equ 0X0382
  00000383            00533 PRODH_SHAD equ 0X0383
  00000383            00534 PRODLH_SHAD equ 0X0383
  000003A0            00535 TU16ACON0 equ 0X03A0
  000003A1            00536 TU16ACON1 equ 0X03A1
  000003A2            00537 TU16AHLT equ 0X03A2
  000003A3            00538 TU16APS equ 0X03A3
  000003A4            00539 TU16ATMRL equ 0X03A4
  000003A4            00540 TU16ACRL equ 0X03A4
  000003A5            00541 TU16ATMRH equ 0X03A5
  000003A5            00542 TU16ACRH equ 0X03A5
  000003A6            00543 TU16APRL equ 0X03A6
  000003A7            00544 TU16APRH equ 0X03A7
  000003A8            00545 TU16ACLK equ 0X03A8
  000003A9            00546 TU16AERS equ 0X03A9
  000003AA            00547 TU16BCON0 equ 0X03AA
  000003AB            00548 TU16BCON1 equ 0X03AB
  000003AC            00549 TU16BHLT equ 0X03AC
  000003AD            00550 TU16BPS equ 0X03AD
  000003AE            00551 TU16BTMRL equ 0X03AE
  000003AE            00552 TU16BCRL equ 0X03AE
  000003AF            00553 TU16BTMRH equ 0X03AF
  000003AF            00554 TU16BCRH equ 0X03AF
  000003B0            00555 TU16BPRL equ 0X03B0
  000003B1            00556 TU16BPRH equ 0X03B1
  000003B2            00557 TU16BCLK equ 0X03B2
  000003B3            00558 TU16BERS equ 0X03B3
  000003B4            00559 TUCHAIN equ 0X03B4
  000003BC            00560 CWG1CLK equ 0X03BC
  000003BC            00561 CWG1CLKCON equ 0X03BC
  000003BD            00562 CWG1ISM equ 0X03BD
  000003BD            00563 CWG1DAT equ 0X03BD
  000003BE            00564 CWG1DBR equ 0X03BE
  000003BF            00565 CWG1DBF equ 0X03BF
  000003C0            00566 CWG1CON0 equ 0X03C0
  000003C1            00567 CWG1CON1 equ 0X03C1
  000003C2            00568 CWG1AS0 equ 0X03C2
  000003C3            00569 CWG1AS1 equ 0X03C3
  000003C4            00570 CWG1STR equ 0X03C4
  000003D7            00571 FVRCON equ 0X03D7
  000003D8            00572 ADCPCON equ 0X03D8
  000003D8            00573 ADCP equ 0X03D8
  000003D9            00574 ADLTHL equ 0X03D9
  000003DA            00575 ADLTHH equ 0X03DA
  000003DA            00576 ADLTHLH equ 0X03DA
  000003DB            00577 ADUTHL equ 0X03DB
  000003DC            00578 ADUTHH equ 0X03DC
  000003DC            00579 ADUTHLH equ 0X03DC
  000003DD            00580 ADERRL equ 0X03DD
  000003DE            00581 ADERRH equ 0X03DE
  000003DE            00582 ADERRLH equ 0X03DE
  000003DF            00583 ADSTPTL equ 0X03DF
  000003E0            00584 ADSTPTH equ 0X03E0
  000003E0            00585 ADSTPTLH equ 0X03E0
  000003E1            00586 ADFLTRL equ 0X03E1
  000003E2            00587 ADFLTRH equ 0X03E2
  000003E2            00588 ADFLTRLH equ 0X03E2
  000003E3            00589 ADACCL equ 0X03E3
  000003E4            00590 ADACCH equ 0X03E4
  000003E4            00591 ADACCLH equ 0X03E4
  000003E5            00592 ADACCU equ 0X03E5
  000003E5            00593 ADACCLHH equ 0X03E5
  000004E8            00594 ADACCLHHH equ 0X04E8
  000003E6            00595 ADCNT equ 0X03E6
  000003E7            00596 ADRPT equ 0X03E7
  000003E8            00597 ADPREVL equ 0X03E8
  000003E9            00598 ADPREVH equ 0X03E9
  000003E9            00599 ADPREVLH equ 0X03E9
  000003EA            00600 ADRESL equ 0X03EA
  000003EB            00601 ADRESH equ 0X03EB
  000003EB            00602 ADRESLH equ 0X03EB
  000003EC            00603 ADPCH equ 0X03EC
  000003ED            00604 ADNCH equ 0X03ED
  000003EE            00605 ADACQL equ 0X03EE
  000003EF            00606 ADACQH equ 0X03EF
  000003EF            00607 ADACQLH equ 0X03EF
  000003F0            00608 ADCAP equ 0X03F0
  000003F1            00609 ADPREL equ 0X03F1
  000003F2            00610 ADPREH equ 0X03F2
  000003F2            00611 ADPRELH equ 0X03F2
  000003F3            00612 ADCON0 equ 0X03F3
  000003F4            00613 ADCON1 equ 0X03F4
  000003F5            00614 ADCON2 equ 0X03F5
  000003F6            00615 ADCON3 equ 0X03F6
  000003F7            00616 ADSTAT equ 0X03F7
  000003F8            00617 ADREF equ 0X03F8
  000003F9            00618 ADACT equ 0X03F9
  000003FA            00619 ADCLK equ 0X03FA
  000003FB            00620 ADCTX equ 0X03FB
  000003FC            00621 ADCSEL1 equ 0X03FC
  000003FD            00622 ADCSEL2 equ 0X03FD
  000003FE            00623 ADCSEL3 equ 0X03FE
  000003FF            00624 ADCSEL4 equ 0X03FF
                      00625 ; START OF SFR RAM BANK 4
  00000400            00626 ANSELA equ 0X0400
  00000401            00627 WPUA equ 0X0401
  00000402            00628 ODCONA equ 0X0402
  00000403            00629 SLRCONA equ 0X0403
  00000404            00630 INLVLA equ 0X0404
  00000405            00631 IOCAP equ 0X0405
  00000406            00632 IOCAN equ 0X0406
  00000407            00633 IOCAF equ 0X0407
  00000408            00634 ANSELB equ 0X0408
  00000409            00635 WPUB equ 0X0409
  0000040A            00636 ODCONB equ 0X040A
  0000040B            00637 SLRCONB equ 0X040B
  0000040C            00638 INLVLB equ 0X040C
  0000040D            00639 IOCBP equ 0X040D
  0000040E            00640 IOCBN equ 0X040E
  0000040F            00641 IOCBF equ 0X040F
  00000410            00642 ANSELC equ 0X0410
  00000411            00643 WPUC equ 0X0411
  00000412            00644 ODCONC equ 0X0412
  00000413            00645 SLRCONC equ 0X0413
  00000414            00646 INLVLC equ 0X0414
  00000415            00647 IOCCP equ 0X0415
  00000416            00648 IOCCN equ 0X0416
  00000417            00649 IOCCF equ 0X0417
  00000418            00650 ANSELD equ 0X0418
  00000419            00651 WPUD equ 0X0419
  0000041A            00652 ODCOND equ 0X041A
  0000041B            00653 SLRCOND equ 0X041B
  0000041C            00654 INLVLD equ 0X041C
  00000420            00655 ANSELE equ 0X0420
  00000421            00656 WPUE equ 0X0421
  00000422            00657 ODCONE equ 0X0422
  00000423            00658 SLRCONE equ 0X0423
  00000424            00659 INLVLE equ 0X0424
  00000425            00660 IOCEP equ 0X0425
  00000426            00661 IOCEN equ 0X0426
  00000427            00662 IOCEF equ 0X0427
  00000428            00663 ANSELF equ 0X0428
  00000429            00664 WPUF equ 0X0429
  0000042A            00665 ODCONF equ 0X042A
  0000042B            00666 SLRCONF equ 0X042B
  0000042C            00667 INLVLF equ 0X042C
  0000043D            00668 IOCWP equ 0X043D
  0000043E            00669 IOCWN equ 0X043E
  0000043F            00670 IOCWF equ 0X043F
  00000440            00671 NCO1ACCL equ 0X0440
  00000441            00672 NCO1ACCH equ 0X0441
  00000441            00673 NCO1ACCLH equ 0X0441
  00000442            00674 NCO1ACCU equ 0X0442
  00000442            00675 NCO1ACCLHH equ 0X0442
  000004E8            00676 NCO1ACCLHHH equ 0X04E8
  00000443            00677 NCO1INCL equ 0X0443
  00000444            00678 NCO1INCH equ 0X0444
  00000444            00679 NCO1INCLH equ 0X0444
  00000445            00680 NCO1INCU equ 0X0445
  00000445            00681 NCO1INCLHH equ 0X0445
  000004E8            00682 NCO1INCLHHH equ 0X04E8
  00000446            00683 NCO1CON equ 0X0446
  00000447            00684 NCO1CLK equ 0X0447
  00000458            00685 FSCMCON equ 0X0458
  00000459            00686 IVTLOCK equ 0X0459
  0000045A            00687 IVTADL equ 0X045A
  0000045B            00688 IVTADH equ 0X045B
  0000045B            00689 IVTADLH equ 0X045B
  0000045C            00690 IVTADU equ 0X045C
  0000045C            00691 IVTADLHH equ 0X045C
  000004E8            00692 IVTADLHHH equ 0X04E8
  0000045D            00693 IVTBASEL equ 0X045D
  0000045E            00694 IVTBASEH equ 0X045E
  0000045E            00695 IVTBASELH equ 0X045E
  0000045F            00696 IVTBASEU equ 0X045F
  0000045F            00697 IVTBASELHH equ 0X045F
  000004E8            00698 IVTBASELHHH equ 0X04E8
                      00699 ; START OF Access SFRS
  00000460            00700 PWM1ERS equ 0X0460
  00000461            00701 PWM1CLK equ 0X0461
  00000462            00702 PWM1LDS equ 0X0462
  00000463            00703 PWM1PRL equ 0X0463
  00000464            00704 PWM1PRH equ 0X0464
  00000464            00705 PWM1PRLH equ 0X0464
  00000465            00706 PWM1CPRE equ 0X0465
  00000466            00707 PWM1PIPOS equ 0X0466
  00000467            00708 PWM1GIR equ 0X0467
  00000468            00709 PWM1GIE equ 0X0468
  00000469            00710 PWM1CON equ 0X0469
  0000046A            00711 PWM1S1CFG equ 0X046A
  0000046B            00712 PWM1S1P1L equ 0X046B
  0000046C            00713 PWM1S1P1H equ 0X046C
  0000046C            00714 PWM1S1P1LH equ 0X046C
  0000046D            00715 PWM1S1P2L equ 0X046D
  0000046E            00716 PWM1S1P2H equ 0X046E
  0000046E            00717 PWM1S1P2LH equ 0X046E
  0000046F            00718 PWM2ERS equ 0X046F
  00000470            00719 PWM2CLK equ 0X0470
  00000471            00720 PWM2LDS equ 0X0471
  00000472            00721 PWM2PRL equ 0X0472
  00000473            00722 PWM2PRH equ 0X0473
  00000473            00723 PWM2PRLH equ 0X0473
  00000474            00724 PWM2CPRE equ 0X0474
  00000475            00725 PWM2PIPOS equ 0X0475
  00000476            00726 PWM2GIR equ 0X0476
  00000477            00727 PWM2GIE equ 0X0477
  00000478            00728 PWM2CON equ 0X0478
  00000479            00729 PWM2S1CFG equ 0X0479
  0000047A            00730 PWM2S1P1L equ 0X047A
  0000047B            00731 PWM2S1P1H equ 0X047B
  0000047B            00732 PWM2S1P1LH equ 0X047B
  0000047C            00733 PWM2S1P2L equ 0X047C
  0000047D            00734 PWM2S1P2H equ 0X047D
  0000047D            00735 PWM2S1P2LH equ 0X047D
  0000047E            00736 PWM3ERS equ 0X047E
  0000047F            00737 PWM3CLK equ 0X047F
  00000480            00738 PWM3LDS equ 0X0480
  00000481            00739 PWM3PRL equ 0X0481
  00000482            00740 PWM3PRH equ 0X0482
  00000482            00741 PWM3PRLH equ 0X0482
  00000483            00742 PWM3CPRE equ 0X0483
  00000484            00743 PWM3PIPOS equ 0X0484
  00000485            00744 PWM3GIR equ 0X0485
  00000486            00745 PWM3GIE equ 0X0486
  00000487            00746 PWM3CON equ 0X0487
  00000488            00747 PWM3S1CFG equ 0X0488
  00000489            00748 PWM3S1P1L equ 0X0489
  0000048A            00749 PWM3S1P1H equ 0X048A
  0000048A            00750 PWM3S1P1LH equ 0X048A
  0000048B            00751 PWM3S1P2L equ 0X048B
  0000048C            00752 PWM3S1P2H equ 0X048C
  0000048C            00753 PWM3S1P2LH equ 0X048C
  00000499            00754 PWMLOAD equ 0X0499
  0000049A            00755 PWMEN equ 0X049A
  0000049C            00756 IPR0 equ 0X049C
  0000049D            00757 IPR1 equ 0X049D
  0000049E            00758 IPR2 equ 0X049E
  0000049F            00759 IPR3 equ 0X049F
  000004A0            00760 IPR4 equ 0X04A0
  000004A1            00761 IPR5 equ 0X04A1
  000004A2            00762 IPR6 equ 0X04A2
  000004A3            00763 IPR7 equ 0X04A3
  000004A4            00764 IPR8 equ 0X04A4
  000004A5            00765 IPR9 equ 0X04A5
  000004A6            00766 IPR10 equ 0X04A6
  000004A7            00767 PIE0 equ 0X04A7
  000004A8            00768 PIE1 equ 0X04A8
  000004A9            00769 PIE2 equ 0X04A9
  000004AA            00770 PIE3 equ 0X04AA
  000004AB            00771 PIE4 equ 0X04AB
  000004AC            00772 PIE5 equ 0X04AC
  000004AD            00773 PIE6 equ 0X04AD
  000004AE            00774 PIE7 equ 0X04AE
  000004AF            00775 PIE8 equ 0X04AF
  000004B0            00776 PIE9 equ 0X04B0
  000004B1            00777 PIE10 equ 0X04B1
  000004B2            00778 PIR0 equ 0X04B2
  000004B3            00779 PIR1 equ 0X04B3
  000004B4            00780 PIR2 equ 0X04B4
  000004B5            00781 PIR3 equ 0X04B5
  000004B6            00782 PIR4 equ 0X04B6
  000004B7            00783 PIR5 equ 0X04B7
  000004B8            00784 PIR6 equ 0X04B8
  000004B9            00785 PIR7 equ 0X04B9
  000004BA            00786 PIR8 equ 0X04BA
  000004BB            00787 PIR9 equ 0X04BB
  000004BC            00788 PIR10 equ 0X04BC
  000004D6            00789 INTCON0 equ 0X04D6
  000004D7            00790 INTCON1 equ 0X04D7
  000004D8            00791 STATUS equ 0X04D8
  000004D9            00792 FSR2L equ 0X04D9
  000004DA            00793 FSR2H equ 0X04DA
  000004DA            00794 FSR2LH equ 0X04DA
  000004DB            00795 PLUSW2 equ 0X04DB
  000004DC            00796 PREINC2 equ 0X04DC
  000004DD            00797 POSTDEC2 equ 0X04DD
  000004DE            00798 POSTINC2 equ 0X04DE
  000004DF            00799 INDF2 equ 0X04DF
  000004E0            00800 BSR equ 0X04E0
  000004E1            00801 FSR1L equ 0X04E1
  000004E2            00802 FSR1H equ 0X04E2
  000004E2            00803 FSR1LH equ 0X04E2
  000004E3            00804 PLUSW1 equ 0X04E3
  000004E4            00805 PREINC1 equ 0X04E4
  000004E5            00806 POSTDEC1 equ 0X04E5
  000004E6            00807 POSTINC1 equ 0X04E6
  000004E7            00808 INDF1 equ 0X04E7
  000004E8            00809 WREG equ 0X04E8
  000004E9            00810 FSR0L equ 0X04E9
  000004EA            00811 FSR0H equ 0X04EA
  000004EA            00812 FSR0LH equ 0X04EA
  000004EB            00813 PLUSW0 equ 0X04EB
  000004EC            00814 PREINC0 equ 0X04EC
  000004ED            00815 POSTDEC0 equ 0X04ED
  000004EE            00816 POSTINC0 equ 0X04EE
  000004EF            00817 INDF0 equ 0X04EF
  000004F0            00818 PCON0 equ 0X04F0
  000004F1            00819 PCON1 equ 0X04F1
  000004F2            00820 CPUDOZE equ 0X04F2
  000004F3            00821 PRODL equ 0X04F3
  000004F4            00822 PRODH equ 0X04F4
  000004F4            00823 PRODLH equ 0X04F4
  000004F5            00824 TABLAT equ 0X04F5
  000004F6            00825 TBLPTRL equ 0X04F6
  000004F7            00826 TBLPTRH equ 0X04F7
  000004F7            00827 TBLPTRLH equ 0X04F7
  000004F8            00828 TBLPTRU equ 0X04F8
  000004F8            00829 TBLPTRLHH equ 0X04F8
  000004E8            00830 TBLPTRLHHH equ 0X04E8
  000004F9            00831 PCL equ 0X04F9
  000004FA            00832 PCLATH equ 0X04FA
  000004FA            00833 PCLATLH equ 0X04FA
  000004FB            00834 PCLATU equ 0X04FB
  000004FB            00835 PCLATHH equ 0X04FB
  000004E8            00836 PCLATHHH equ 0X04E8
  000004FC            00837 STKPTR equ 0X04FC
  000004FD            00838 TOSL equ 0X04FD
  000004FE            00839 TOSH equ 0X04FE
  000004FE            00840 TOSLH equ 0X04FE
  000004FF            00841 TOSU equ 0X04FF
  000004FF            00842 TOSLHH equ 0X04FF
  000004E8            00843 TOSLHHH equ 0X04E8
                      00844 ; I2C PINS USED BY HBusin And HBusout
  0000014A            00845 _I2C_SDA_port = TRISC
  00000004            00846 _I2C_SDA_pin = 4
  0000014A            00847 _I2C_SCL_port = TRISC
  00000003            00848 _I2C_SCL_pin = 3
                      00849 ; SFR BITS USED INTERNALLY BY THE COMPILER
  00000000            00850 C=0
  00000001            00851 DC=1
  00000002            00852 Z=2
  00000003            00853 OV=3
  00000004            00854 N=4
  00000005            00855 PD=5
  00000006            00856 To=6
  00000000            00857 PP_GO=0
  00000007            00858 PP_WRERR=7
  00000004            00859 PP_RDY=4
  00000007            00860 PP_SEN=7
  00000000            00861 PP_RD0=0
  00000001            00862 PP_RD1=1
  00000002            00863 PP_RD2=2
  00000003            00864 PP_RD3=3
  00000004            00865 PP_RD4=4
  00000005            00866 PP_RD5=5
  00000006            00867 PP_RD6=6
  00000007            00868 PP_RD7=7
  00000000            00869 PP_RD0PPS0=0
  00000001            00870 PP_RD0PPS1=1
  00000002            00871 PP_RD0PPS2=2
  00000003            00872 PP_RD0PPS3=3
  00000004            00873 PP_RD0PPS4=4
  00000005            00874 PP_RD0PPS5=5
  00000000            00875 PP_RD1PPS0=0
  00000001            00876 PP_RD1PPS1=1
  00000002            00877 PP_RD1PPS2=2
  00000003            00878 PP_RD1PPS3=3
  00000004            00879 PP_RD1PPS4=4
  00000005            00880 PP_RD1PPS5=5
  00000000            00881 PP_RD2PPS0=0
  00000001            00882 PP_RD2PPS1=1
  00000002            00883 PP_RD2PPS2=2
  00000003            00884 PP_RD2PPS3=3
  00000004            00885 PP_RD2PPS4=4
  00000005            00886 PP_RD2PPS5=5
  00000000            00887 PP_RD3PPS0=0
  00000001            00888 PP_RD3PPS1=1
  00000002            00889 PP_RD3PPS2=2
  00000003            00890 PP_RD3PPS3=3
  00000004            00891 PP_RD3PPS4=4
  00000005            00892 PP_RD3PPS5=5
  00000000            00893 PP_RD4PPS0=0
  00000001            00894 PP_RD4PPS1=1
  00000002            00895 PP_RD4PPS2=2
  00000003            00896 PP_RD4PPS3=3
  00000004            00897 PP_RD4PPS4=4
  00000005            00898 PP_RD4PPS5=5
  00000000            00899 PP_RD5PPS0=0
  00000001            00900 PP_RD5PPS1=1
  00000002            00901 PP_RD5PPS2=2
  00000003            00902 PP_RD5PPS3=3
  00000004            00903 PP_RD5PPS4=4
  00000005            00904 PP_RD5PPS5=5
  00000000            00905 PP_RD6PPS0=0
  00000001            00906 PP_RD6PPS1=1
  00000002            00907 PP_RD6PPS2=2
  00000003            00908 PP_RD6PPS3=3
  00000004            00909 PP_RD6PPS4=4
  00000005            00910 PP_RD6PPS5=5
  00000000            00911 PP_RD7PPS0=0
  00000001            00912 PP_RD7PPS1=1
  00000002            00913 PP_RD7PPS2=2
  00000003            00914 PP_RD7PPS3=3
  00000004            00915 PP_RD7PPS4=4
  00000005            00916 PP_RD7PPS5=5
  00000006            00917 PP_RSEN=6
  00000006            00918 PP_ACKDT=6
  00000004            00919 PP_WRIF=4
  00000004            00920 PP_WR1IF=4
  00000004            00921 PP_WRIE=4
  00000004            00922 PP_WR1IE=4
  00000000            00923 PP_SENDB=0
  00000001            00924 PP_RXBE=1
  00000001            00925 PP_RXFOIF=1
  00000001            00926 PP_RD16=1
  00000001            00927 PP_RD161=1
  00000004            00928 PP_T2CKPS0=4
  00000005            00929 PP_T2CKPS1=5
  00000006            00930 PP_T2CKPS2=6
  00000007            00931 PP_TMR2ON=7
  00000001            00932 PP_RD163=1
  00000007            00933 PP_TMR4ON=7
  00000000            00934 PP_C1TSEL0=0
  00000001            00935 PP_C1TSEL1=1
  00000002            00936 PP_C2TSEL0=2
  00000003            00937 PP_C2TSEL1=3
  00000003            00938 PP_RDSEL=3
  00000004            00939 PP_ADCS=4
  00000005            00940 PP_ADCSEN=5
  00000007            00941 PP_ADON=7
  00000000            00942 PP_GO_NOT_DONE=0
  00000000            00943 PP_GO_DONE=0
  00000000            00944 PP_ADCS0=0
  00000001            00945 PP_ADCS1=1
  00000002            00946 PP_ADCS2=2
  00000003            00947 PP_ADCS3=3
  00000004            00948 PP_ADCS4=4
  00000005            00949 PP_ADCS5=5
  00000000            00950 PP_U1RXIF=0
  00000001            00951 PP_U1TXIF=1
  00000000            00952 PP_U2RXIF=0
  00000001            00953 PP_U2TXIF=1
                      00954 ; PPS INTERNAL VALUES
  00000028            00955 _PPS_FN_ADGRDB=40
  00000027            00956 _PPS_FN_ADGRDA=39
  00000026            00957 _PPS_FN_CLKR=38
  00000025            00958 _PPS_FN_NCO1=37
  00000024            00959 _PPS_FN_TU16B=36
  00000023            00960 _PPS_FN_TU16A=35
  00000022            00961 _PPS_FN_TMR0=34
  00000021            00962 _PPS_FN_SDA1=33
  00000020            00963 _PPS_FN_SCL1=32
  0000001F            00964 _PPS_FN_SS1=31
  0000001E            00965 _PPS_FN_SDO1=30
  0000001D            00966 _PPS_FN_SCK1=29
  0000001C            00967 _PPS_FN_C2OUT=28
  0000001B            00968 _PPS_FN_C1OUT=27
  0000001A            00969 _PPS_FN_RTS2=26
  00000019            00970 _PPS_FN_TXDE2=25
  00000018            00971 _PPS_FN_TX2=24
  00000017            00972 _PPS_FN_RTS1=23
  00000016            00973 _PPS_FN_TXDE1=22
  00000015            00974 _PPS_FN_TX1=21
  00000014            00975 _PPS_FN_PWM32=20
  00000013            00976 _PPS_FN_PWM31=19
  00000012            00977 _PPS_FN_PWM22=18
  00000011            00978 _PPS_FN_PWM21=17
  00000010            00979 _PPS_FN_PWM12=16
  0000000F            00980 _PPS_FN_PWM11=15
  0000000E            00981 _PPS_FN_CCP2=14
  0000000D            00982 _PPS_FN_CCP1=13
  0000000C            00983 _PPS_FN_CWG1D=12
  0000000B            00984 _PPS_FN_CWG1C=11
  0000000A            00985 _PPS_FN_CWG1B=10
  00000009            00986 _PPS_FN_CWG1A=9
  00000008            00987 _PPS_FN_CLC8=8
  00000007            00988 _PPS_FN_CLC7=7
  00000006            00989 _PPS_FN_CLC6=6
  00000005            00990 _PPS_FN_CLC5=5
  00000004            00991 _PPS_FN_CLC4=4
  00000003            00992 _PPS_FN_CLC3=3
  00000002            00993 _PPS_FN_CLC2=2
  00000001            00994 _PPS_FN_CLC1=1
                      00996 ; COMPILER'S INTERNAL Constants And ALIASES
                      00997 #define __18F56Q71 1
                      00998 #define xtal 64
                      00999 #define _core 16
                      01000 #define _MaxRAM 4096
                      01001 #define _RAM_End 0X14FF
                      01002 #define _MaxMem 0X010000
                      01003 #define _ADC 2
                      01004 #define _ADC_res 12
                      01005 #define _eeprom 256
                      01006 #define ram_banks 16
                      01007 #define _USART 2
                      01008 #define _USB 0
                      01009 #define _flash 1
                      01010 #define _cwrite_block 1
                      01011 #define _TRIS_offset -8
                      01012 #define __EE_RW_type 3
                      01013 #define __Flash_RW_type 3
                      01014 #define __MSSP_type 1
                      01015 #define __HPWM_type 1
                      01016 #define __adin_type 1
                      01017 #define __UART_type 3
                      01018 #define __PPS 1
                      01019 #define __PPS_type 1
                      01020 #define __movffl 1
                      01021 #define BankA_Start 0X500
                      01022 #define BankA_End 0X55F
                      01023 #define clrw clrf WREG
                      01024 #define negw negf WREG
                      01025 #define skpc btfss STATUS,0
                      01026 #define skpnc btfsc STATUS,0
                      01027 #define clrc bcf STATUS,0
                      01028 #define setc bsf STATUS,0
                      01029 #define skpz btfss STATUS,2
                      01030 #define skpnz btfsc STATUS,2
                      01031 #define clrz bcf STATUS,2
                      01032 #define setz bsf STATUS,2
                      01043 ; COMPILER SYSTEM Variables
  00000500            01044 PP0 equ 0X500
  00000501            01045 PP0H equ 0X501
                      01046 ; Bit HOLDER Variables
  00000502            01047 _B__VR1 equ 0X502
                      01048 ; STANDARD Variables
  00000503            01049 bCount equ 0X503
  00000504            01050 bChar equ 0X504
  00000505            01051 bTick equ 0X505
  00000506            01052 bTickH equ 0X506
                      01053 ; ALIAS Variables
                      01054 #define bSwOld _B__VR1,0
                      01055 #define bWires _B__VR1,1
                      01056 #define bKnown _B__VR1,2
                      01057 ; Constants
                      01058 #define __xtal 64
                      01059 ;---------------------------------------------
                      01060 ; START OF THE COMPILER'S LIBRARY ROUTINES
000000                01061 _compiler__start_
000000                01062     org 0x00
000000 0000           01063     nop
000002 0000           01064     nop
000004 EF12 F000      01065     goto _compiler_main_start_
000008                01066     org 0x08
000008                01067 __delay_us_
000008 6A01           01068     clrf PP0H,0
00000A                01069 __delay_us_wreg_
00000A 0FFE           01070     addlw 0xFE
00000C 6E00           01071     movwf PP0,0
00000E 0000           01072     nop
000010 D000           01073     bra $ + 2
000012 D000           01074     bra $ + 2
000014 6AE8           01075     clrf WREG,0
000016 5A01           01076     subwfb PP0H,F
000018 A0D8           01077     btfss STATUS,0
00001A 0012           01078     return
00001C 0600           01079     decf PP0,F
00001E D000           01080     bra $ + 2
000020 D000           01081     bra $ + 2
000022 D7F5           01082     bra $ - 20
000024                01083 _compiler_main_start_
000024 0100           01084     movlb high(NVMCON1)
000026 6B41           01085     clrf NVMCON1,1
                      01086 ;---------------------------------------------
                      01087 ; START OF THE USER'S PROGRAM Code
  00000028            01088 F1_SOF equ $ ; CNANO_HELLO_56Q71.BAS
000028 0104           01089     movlb 0x04
00002A 6B00           01090     clrf ANSELA
00002C 6B08           01091     clrf ANSELB
00002E 6B10           01092     clrf ANSELC
000030 6B18           01093     clrf ANSELD
000032 6B20           01094     clrf ANSELE
000034 6B28           01095     clrf ANSELF
000036 6B03           01096     clrf SLRCONA
000038 6B0B           01097     clrf SLRCONB
00003A 6B13           01098     clrf SLRCONC
00003C 6B1B           01099     clrf SLRCOND
00003E 6B23           01100     clrf SLRCONE
000040 6B2B           01101     clrf SLRCONF
000042 6B04           01102     clrf INLVLA
000044 6B0C           01103     clrf INLVLB
000046 6B14           01104     clrf INLVLC
000048 6B1C           01105     clrf INLVLD
00004A 6B24           01106     clrf INLVLE
00004C 6B2C           01107     clrf INLVLF
00004E 0100           01108     movlb 0x00
000050 6B70           01109     clrf CM1CON0
000052 6B74           01110     clrf CM2CON0
  00000054            01111 F1_000036 equ $ ; in [CNANO_HELLO_56Q71.BAS] OSCCON1 = $60
000054 0E60           01112     movlw 96
000056 6FAD           01113     movwf OSCCON1
  00000058            01114 F1_000037 equ $ ; in [CNANO_HELLO_56Q71.BAS] OSCFRQ  = $08
000058 0E08           01115     movlw 8
00005A 6FB1           01116     movwf OSCFRQ
  0000005C            01117 F1_000040 equ $ ; in [CNANO_HELLO_56Q71.BAS] ANSELA = 0 : ANSELB = 0 : ANSELC = 0
00005C 0104           01118     movlb 0x04
00005E 6B00           01119     clrf ANSELA
000060 6B08           01120     clrf ANSELB
000062 6B10           01121     clrf ANSELC
  00000064            01122 F1_000041 equ $ ; in [CNANO_HELLO_56Q71.BAS] WPUA.0 = 1
000064 8101           01123     bsf WPUA,0
  00000066            01124 F1_000042 equ $ ; in [CNANO_HELLO_56Q71.BAS] WPUB.5 = 1
000066 8B09           01125     bsf WPUB,5
  00000068            01126 F1_000048 equ $ ; in [CNANO_HELLO_56Q71.BAS] ANSELD = 0 : LATD.0 = 0 : TRISD.0 = 0
000068 6B18           01127     clrf ANSELD
00006A 0101           01128     movlb 0x01
00006C 9143           01129     bcf LATD,0
00006E 914B           01130     bcf TRISD,0
  00000070            01131 F1_000049 equ $ ; in [CNANO_HELLO_56Q71.BAS] TRISC.7 = 1 : WPUC.7 = 1
000070 8F4A           01132     bsf TRISC,7
000072 0104           01133     movlb 0x04
000074 8F11           01134     bsf WPUC,7
  00000076            01135 F1_000050 equ $ ; in [CNANO_HELLO_56Q71.BAS] IOCBN.5 = 1 : IOCCN.7 = 1
000076 8B0E           01136     bsf IOCBN,5
000078 8F16           01137     bsf IOCCN,7
  0000007A            01138 F1_000051 equ $ ; in [CNANO_HELLO_56Q71.BAS] IOCBF.5 = 0 : IOCCF.7 = 0
00007A 9B0F           01139     bcf IOCBF,5
00007C 9F17           01140     bcf IOCCF,7
  0000007E            01141 F1_000052 equ $ ; in [CNANO_HELLO_56Q71.BAS] bWires = 1 : bKnown = 0
00007E 8202           01142     bsf _B__VR1,1
000080 9402           01143     bcf _B__VR1,2
  00000082            01144 F1_000056 equ $ ; in [CNANO_HELLO_56Q71.BAS] LATB.4  = 1
000082 0101           01145     movlb 0x01
000084 8941           01146     bsf LATB,4
  00000086            01147 F1_000057 equ $ ; in [CNANO_HELLO_56Q71.BAS] TRISB.4 = 0
000086 9949           01148     bcf TRISB,4
  00000088            01149 F1_000058 equ $ ; in [CNANO_HELLO_56Q71.BAS] RB4PPS  = 24
000088 0102           01150     movlb 0x02
00008A 0E18           01151     movlw 24
00008C 6F0D           01152     movwf RB4PPS
  0000008E            01153 F1_000059 equ $ ; in [CNANO_HELLO_56Q71.BAS] U2RXPPS = ((1 << 3) | 5)
00008E 0E0D           01154     movlw 13
000090 6F74           01155     movwf U2RXPPS
  00000092            01156 F1_000060 equ $ ; in [CNANO_HELLO_56Q71.BAS] U2BRGH  = 0
000092 6BC2           01157     clrf U2BRGH
  00000094            01158 F1_000061 equ $ ; in [CNANO_HELLO_56Q71.BAS] U2BRGL  = 138
000094 0E8A           01159     movlw 138
000096 6FC1           01160     movwf U2BRGL
  00000098            01161 F1_000062 equ $ ; in [CNANO_HELLO_56Q71.BAS] U2CON0  = ((1 << 7) | (1 << 5) | (1 << 4))
000098 0EB0           01162     movlw 176
00009A 6FBE           01163     movwf U2CON0
  0000009C            01164 F1_000063 equ $ ; in [CNANO_HELLO_56Q71.BAS] U2CON1  = (1 << 7)
00009C 0E80           01165     movlw 128
00009E 6FBF           01166     movwf U2CON1
  000000A0            01167 F1_000065 equ $ ; in [CNANO_HELLO_56Q71.BAS] bCount = 0 : bTick = 0 : bSwOld = 1
0000A0 6A03           01168     clrf bCount
0000A2 6A06           01169     clrf bTickH
0000A4 6A05           01170     clrf bTick
0000A6 8002           01171     bsf _B__VR1,0
  000000A8            01172 F1_000066 equ $ ; in [CNANO_HELLO_56Q71.BAS] Do
0000A8                01173 _lbl__2
0000A8 0105           01174     movlb 0x05
  000000AA            01175 F1_000068 equ $ ; in [CNANO_HELLO_56Q71.BAS] While U2FIFO.1 = 0
0000AA                01176 _lbl__5
0000AA C2C3 F4E8      01177     movff U2FIFO,WREG
0000AE B2E8           01178     btfsc WREG,1
0000B0 D006           01179     bra _lbl__6
  000000B2            01180 F1_000069 equ $ ; in [CNANO_HELLO_56Q71.BAS] bChar = U2RXB
0000B2 C2B4 F504      01181     movff U2RXB,bChar
  000000B6            01182 F1_000070 equ $ ; in [CNANO_HELLO_56Q71.BAS] if bKnown = 0 Then GoSub Wire_Decide
0000B6 A402           01183     btfss _B__VR1,2,0
0000B8 D8A9           01184     rcall Wire_Decide
0000BA                01185 _lbl__8
  000000BA            01186 F1_000071 equ $ ; in [CNANO_HELLO_56Q71.BAS] GoSub Tx_Char
0000BA D833           01187     rcall Tx_Char
  000000BC            01188 F1_000072 equ $ ; in [CNANO_HELLO_56Q71.BAS] Wend
0000BC D7F6           01189     bra _lbl__5
0000BE                01190 _lbl__6
  000000BE            01191 F1_000074 equ $ ; in [CNANO_HELLO_56Q71.BAS] if PORTA.0 <> bSwOld Then
0000BE 0101           01192     movlb 0x01
0000C0 5150           01193     movf PORTA,W
0000C2 1802           01194     xorwf _B__VR1,W
0000C4 0B01           01195     andlw 1
0000C6 0105           01196     movlb 0x05
0000C8 E007           01197     bz _lbl__10
  000000CA            01198 F1_000075 equ $ ; in [CNANO_HELLO_56Q71.BAS] bSwOld = PORTA.0
0000CA 0101           01199     movlb 0x01
0000CC 8002           01200     bsf _B__VR1,0
0000CE A150           01201     btfss PORTA,0
0000D0 9002           01202     bcf _B__VR1,0
  000000D2            01203 F1_000076 equ $ ; in [CNANO_HELLO_56Q71.BAS] if bSwOld = 0 Then GoSub Tx_Sw
0000D2 0105           01204     movlb 0x05
0000D4 A002           01205     btfss _B__VR1,0,0
0000D6 D890           01206     rcall Tx_Sw
0000D8                01207 _lbl__12
  000000D8            01208 F1_000077 equ $ ; in [CNANO_HELLO_56Q71.BAS] endif
0000D8                01209 _lbl__10
  000000D8            01210 F1_000079 equ $ ; in [CNANO_HELLO_56Q71.BAS] DelayUs 50
0000D8 0E32           01211     movlw 50
0000DA DF96           01212     rcall __delay_us_
  000000DC            01213 F1_000080 equ $ ; in [CNANO_HELLO_56Q71.BAS] Inc bTick
0000DC 4A05           01214     infsnz bTick,F
0000DE 2A06           01215     incf bTickH,F
  000000E0            01216 F1_000081 equ $ ; in [CNANO_HELLO_56Q71.BAS] if bTick >= 10000 Then
0000E0 0E10           01217     movlw 16
0000E2 5C05           01218     subwf bTick,W
0000E4 0E27           01219     movlw 39
0000E6 5806           01220     subwfb bTickH,W
0000E8 E31B           01221     bnc _lbl__14
  000000EA            01222 F1_000082 equ $ ; in [CNANO_HELLO_56Q71.BAS] bTick = 0
0000EA 6A06           01223     clrf bTickH
0000EC 6A05           01224     clrf bTick
  000000EE            01225 F1_000083 equ $ ; in [CNANO_HELLO_56Q71.BAS] if LATD.0 = 1 Then
0000EE 0101           01226     movlb 0x01
0000F0 3143           01227     rrcf LATD,W
0000F2 0105           01228     movlb 0x05
0000F4 E304           01229     bnc _lbl__16
  000000F6            01230 F1_000084 equ $ ; in [CNANO_HELLO_56Q71.BAS] LATD.0 = 0
0000F6 0101           01231     movlb 0x01
0000F8 9143           01232     bcf LATD,0
0000FA 0105           01233     movlb 0x05
0000FC D002           01234     bra _lbl__17
0000FE                01235 _lbl__16
  000000FE            01236 F1_000085 equ $ ; in [CNANO_HELLO_56Q71.BAS] else
  000000FE            01237 F1_000086 equ $ ; in [CNANO_HELLO_56Q71.BAS] LATD.0 = 1
0000FE 0101           01238     movlb 0x01
000100 8143           01239     bsf LATD,0
  00000102            01240 F1_000087 equ $ ; in [CNANO_HELLO_56Q71.BAS] endif
000102                01241 _lbl__17
000102 0105           01242     movlb 0x05
  00000104            01243 F1_000088 equ $ ; in [CNANO_HELLO_56Q71.BAS] if bWires = 0 Then
000104 B202           01244     btfsc _B__VR1,1,0
000106 D00B           01245     bra _lbl__19
  00000108            01246 F1_000089 equ $ ; in [CNANO_HELLO_56Q71.BAS] if LATC.7 = 1 Then
000108 0101           01247     movlb 0x01
00010A 3542           01248     rlcf LATC,W
00010C 0105           01249     movlb 0x05
00010E E304           01250     bnc _lbl__21
  00000110            01251 F1_000090 equ $ ; in [CNANO_HELLO_56Q71.BAS] LATC.7 = 0
000110 0101           01252     movlb 0x01
000112 9F42           01253     bcf LATC,7
000114 0105           01254     movlb 0x05
000116 D002           01255     bra _lbl__22
000118                01256 _lbl__21
  00000118            01257 F1_000091 equ $ ; in [CNANO_HELLO_56Q71.BAS] else
  00000118            01258 F1_000092 equ $ ; in [CNANO_HELLO_56Q71.BAS] LATC.7 = 1
000118 0101           01259     movlb 0x01
00011A 8F42           01260     bsf LATC,7
  0000011C            01261 F1_000093 equ $ ; in [CNANO_HELLO_56Q71.BAS] endif
00011C                01262 _lbl__22
00011C 0105           01263     movlb 0x05
  0000011E            01264 F1_000094 equ $ ; in [CNANO_HELLO_56Q71.BAS] endif
00011E                01265 _lbl__19
  0000011E            01266 F1_000095 equ $ ; in [CNANO_HELLO_56Q71.BAS] GoSub Tx_Hello
00011E D80E           01267     rcall Tx_Hello
  00000120            01268 F1_000096 equ $ ; in [CNANO_HELLO_56Q71.BAS] endif
000120                01269 _lbl__14
000120                01270 _lbl__4
  00000120            01271 F1_000097 equ $ ; in [CNANO_HELLO_56Q71.BAS] Loop
000120 D7C3           01272     bra _lbl__2
000122                01273 _lbl__3
000122                01274 Tx_Char
  00000122            01275 F1_000100 equ $ ; in [CNANO_HELLO_56Q71.BAS] Repeat : Until U2FIFO.4 = 0
000122                01276 _lbl__23
000122 C2C3 F4E8      01277     movff U2FIFO,WREG
000126 B8E8           01278     btfsc WREG,4
000128 D7FC           01279     bra _lbl__23
00012A                01280 _lbl__24
  0000012A            01281 F1_000101 equ $ ; in [CNANO_HELLO_56Q71.BAS] U2TXB = bChar
00012A C504 F2B6      01282     movff bChar,U2TXB
  0000012E            01283 F1_000102 equ $ ; in [CNANO_HELLO_56Q71.BAS] return
00012E 0012           01284     return 0
000130                01285 Tx_CrLf
  00000130            01286 F1_000105 equ $ ; in [CNANO_HELLO_56Q71.BAS] bChar = 13 : GoSub Tx_Char
000130 0E0D           01287     movlw 13
000132 6E04           01288     movwf bChar
000134 DFF6           01289     rcall Tx_Char
  00000136            01290 F1_000106 equ $ ; in [CNANO_HELLO_56Q71.BAS] bChar = 10 : GoSub Tx_Char
000136 0E0A           01291     movlw 10
000138 6E04           01292     movwf bChar
00013A D7F3           01293     bra Tx_Char
00013C                01294 Tx_Hello
  0000013C            01295 F1_000110 equ $ ; in [CNANO_HELLO_56Q71.BAS] bChar = "H" : GoSub Tx_Char : bChar = "E" : GoSub Tx_Char : bChar = "L" : GoSub Tx_Char
00013C 0E48           01296     movlw 72
00013E 6E04           01297     movwf bChar
000140 DFF0           01298     rcall Tx_Char
000142 0E65           01299     movlw 101
000144 6E04           01300     movwf bChar
000146 DFED           01301     rcall Tx_Char
000148 0E6C           01302     movlw 108
00014A 6E04           01303     movwf bChar
00014C DFEA           01304     rcall Tx_Char
  0000014E            01305 F1_000111 equ $ ; in [CNANO_HELLO_56Q71.BAS] bChar = "L" : GoSub Tx_Char : bChar = "O" : GoSub Tx_Char : bChar = "/" : GoSub Tx_Char
00014E 0E6C           01306     movlw 108
000150 6E04           01307     movwf bChar
000152 DFE7           01308     rcall Tx_Char
000154 0E6F           01309     movlw 111
000156 6E04           01310     movwf bChar
000158 DFE4           01311     rcall Tx_Char
00015A 0E2F           01312     movlw 47
00015C 6E04           01313     movwf bChar
00015E DFE1           01314     rcall Tx_Char
  00000160            01315 F1_000112 equ $ ; in [CNANO_HELLO_56Q71.BAS] bChar = "M" : GoSub Tx_Char : bChar = "E" : GoSub Tx_Char : bChar = "R" : GoSub Tx_Char
000160 0E4D           01316     movlw 77
000162 6E04           01317     movwf bChar
000164 DFDE           01318     rcall Tx_Char
000166 0E65           01319     movlw 101
000168 6E04           01320     movwf bChar
00016A DFDB           01321     rcall Tx_Char
00016C 0E72           01322     movlw 114
00016E 6E04           01323     movwf bChar
000170 DFD8           01324     rcall Tx_Char
  00000172            01325 F1_000113 equ $ ; in [CNANO_HELLO_56Q71.BAS] bChar = "H" : GoSub Tx_Char : bChar = "A" : GoSub Tx_Char : bChar = "B" : GoSub Tx_Char
000172 0E68           01326     movlw 104
000174 6E04           01327     movwf bChar
000176 DFD5           01328     rcall Tx_Char
000178 0E61           01329     movlw 97
00017A 6E04           01330     movwf bChar
00017C DFD2           01331     rcall Tx_Char
00017E 0E62           01332     movlw 98
000180 6E04           01333     movwf bChar
000182 DFCF           01334     rcall Tx_Char
  00000184            01335 F1_000114 equ $ ; in [CNANO_HELLO_56Q71.BAS] bChar = "A" : GoSub Tx_Char : bChar = " " : GoSub Tx_Char
000184 0E61           01336     movlw 97
000186 6E04           01337     movwf bChar
000188 DFCC           01338     rcall Tx_Char
00018A 0E20           01339     movlw 32
00018C 6E04           01340     movwf bChar
00018E DFC9           01341     rcall Tx_Char
  00000190            01342 F1_000115 equ $ ; in [CNANO_HELLO_56Q71.BAS] bChar = "0" + bCount : GoSub Tx_Char
000190 0E30           01343     movlw 48
000192 2403           01344     addwf bCount,W
000194 6E04           01345     movwf bChar
000196 DFC5           01346     rcall Tx_Char
  00000198            01347 F1_000116 equ $ ; in [CNANO_HELLO_56Q71.BAS] if bKnown = 0 Then
000198 B402           01348     btfsc _B__VR1,2,0
00019A D027           01349     bra _lbl__27
  0000019C            01350 F1_000117 equ $ ; in [CNANO_HELLO_56Q71.BAS] bChar = " " : GoSub Tx_Char : bChar = "(" : GoSub Tx_Char : bChar = "L" : GoSub Tx_Char
00019C 0E20           01351     movlw 32
00019E 6E04           01352     movwf bChar
0001A0 DFC0           01353     rcall Tx_Char
0001A2 0E28           01354     movlw 40
0001A4 6E04           01355     movwf bChar
0001A6 DFBD           01356     rcall Tx_Char
0001A8 0E4C           01357     movlw 76
0001AA 6E04           01358     movwf bChar
0001AC DFBA           01359     rcall Tx_Char
  000001AE            01360 F1_000118 equ $ ; in [CNANO_HELLO_56Q71.BAS] bChar = "E" : GoSub Tx_Char : bChar = "D" : GoSub Tx_Char : bChar = ":" : GoSub Tx_Char
0001AE 0E45           01361     movlw 69
0001B0 6E04           01362     movwf bChar
0001B2 DFB7           01363     rcall Tx_Char
0001B4 0E44           01364     movlw 68
0001B6 6E04           01365     movwf bChar
0001B8 DFB4           01366     rcall Tx_Char
0001BA 0E3A           01367     movlw 58
0001BC 6E04           01368     movwf bChar
0001BE DFB1           01369     rcall Tx_Char
  000001C0            01370 F1_000119 equ $ ; in [CNANO_HELLO_56Q71.BAS] bChar = " " : GoSub Tx_Char : bChar = "E" : GoSub Tx_Char : bChar = "N" : GoSub Tx_Char
0001C0 0E20           01371     movlw 32
0001C2 6E04           01372     movwf bChar
0001C4 DFAE           01373     rcall Tx_Char
0001C6 0E45           01374     movlw 69
0001C8 6E04           01375     movwf bChar
0001CA DFAB           01376     rcall Tx_Char
0001CC 0E6E           01377     movlw 110
0001CE 6E04           01378     movwf bChar
0001D0 DFA8           01379     rcall Tx_Char
  000001D2            01380 F1_000120 equ $ ; in [CNANO_HELLO_56Q71.BAS] bChar = "T" : GoSub Tx_Char : bChar = "E" : GoSub Tx_Char : bChar = "R" : GoSub Tx_Char
0001D2 0E74           01381     movlw 116
0001D4 6E04           01382     movwf bChar
0001D6 DFA5           01383     rcall Tx_Char
0001D8 0E65           01384     movlw 101
0001DA 6E04           01385     movwf bChar
0001DC DFA2           01386     rcall Tx_Char
0001DE 0E72           01387     movlw 114
0001E0 6E04           01388     movwf bChar
0001E2 DF9F           01389     rcall Tx_Char
  000001E4            01390 F1_000121 equ $ ; in [CNANO_HELLO_56Q71.BAS] bChar = ")" : GoSub Tx_Char
0001E4 0E29           01391     movlw 41
0001E6 6E04           01392     movwf bChar
0001E8 DF9C           01393     rcall Tx_Char
  000001EA            01394 F1_000122 equ $ ; in [CNANO_HELLO_56Q71.BAS] endif
0001EA                01395 _lbl__27
  000001EA            01396 F1_000123 equ $ ; in [CNANO_HELLO_56Q71.BAS] GoSub Tx_CrLf
0001EA DFA2           01397     rcall Tx_CrLf
  000001EC            01398 F1_000124 equ $ ; in [CNANO_HELLO_56Q71.BAS] Inc bCount
0001EC 2A03           01399     incf bCount,F
  000001EE            01400 F1_000125 equ $ ; in [CNANO_HELLO_56Q71.BAS] if bCount > 9 Then bCount = 0
0001EE 0E0A           01401     movlw 10
0001F0 5C03           01402     subwf bCount,W
0001F2 E301           01403     bnc _lbl__29
0001F4 6A03           01404     clrf bCount
0001F6                01405 _lbl__29
  000001F6            01406 F1_000126 equ $ ; in [CNANO_HELLO_56Q71.BAS] return
0001F6 0012           01407     return 0
0001F8                01408 Tx_Sw
  000001F8            01409 F1_000129 equ $ ; in [CNANO_HELLO_56Q71.BAS] bChar = "S" : GoSub Tx_Char : bChar = "W" : GoSub Tx_Char : bChar = "0" : GoSub Tx_Char
0001F8 0E53           01410     movlw 83
0001FA 6E04           01411     movwf bChar
0001FC DF92           01412     rcall Tx_Char
0001FE 0E57           01413     movlw 87
000200 6E04           01414     movwf bChar
000202 DF8F           01415     rcall Tx_Char
000204 0E30           01416     movlw 48
000206 6E04           01417     movwf bChar
000208 DF8C           01418     rcall Tx_Char
  0000020A            01419 F1_000130 equ $ ; in [CNANO_HELLO_56Q71.BAS] GoSub Tx_CrLf
00020A D792           01420     bra Tx_CrLf
00020C                01421 Wire_Decide
  0000020C            01422 F1_000134 equ $ ; in [CNANO_HELLO_56Q71.BAS] if IOCBF.5 = 1 Then
00020C C40F F4E8      01423     movff IOCBF,WREG
000210 AAE8           01424     btfss WREG,5
000212 D00E           01425     bra _lbl__31
  00000214            01426 F1_000135 equ $ ; in [CNANO_HELLO_56Q71.BAS] if IOCCF.7 = 1 Then
000214 0104           01427     movlb 0x04
000216 3517           01428     rlcf IOCCF,W
000218 0105           01429     movlb 0x05
00021A E302           01430     bnc _lbl__33
  0000021C            01431 F1_000136 equ $ ; in [CNANO_HELLO_56Q71.BAS] bWires = 1
00021C 8202           01432     bsf _B__VR1,1
00021E D006           01433     bra _lbl__34
000220                01434 _lbl__33
  00000220            01435 F1_000137 equ $ ; in [CNANO_HELLO_56Q71.BAS] else
  00000220            01436 F1_000138 equ $ ; in [CNANO_HELLO_56Q71.BAS] bWires = 0
000220 9202           01437     bcf _B__VR1,1
  00000222            01438 F1_000139 equ $ ; in [CNANO_HELLO_56Q71.BAS] WPUC.7 = 0 : LATC.7 = 1 : TRISC.7 = 0
000222 0104           01439     movlb 0x04
000224 9F11           01440     bcf WPUC,7
000226 0101           01441     movlb 0x01
000228 8F42           01442     bsf LATC,7
00022A 9F4A           01443     bcf TRISC,7
  0000022C            01444 F1_000140 equ $ ; in [CNANO_HELLO_56Q71.BAS] endif
00022C                01445 _lbl__34
00022C 0105           01446     movlb 0x05
  0000022E            01447 F1_000141 equ $ ; in [CNANO_HELLO_56Q71.BAS] bKnown = 1
00022E 8402           01448     bsf _B__VR1,2
  00000230            01449 F1_000142 equ $ ; in [CNANO_HELLO_56Q71.BAS] endif
000230                01450 _lbl__31
  00000230            01451 F1_000143 equ $ ; in [CNANO_HELLO_56Q71.BAS] IOCBF.5 = 0 : IOCCF.7 = 0
000230 0104           01452     movlb 0x04
000232 9B0F           01453     bcf IOCBF,5
000234 9F17           01454     bcf IOCCF,7
  00000236            01455 F1_000144 equ $ ; in [CNANO_HELLO_56Q71.BAS] return
000236 0105           01456     movlb 0x05
000238 0012           01457     return 0
  0000023A            01458 F1_EOF equ $ ; CNANO_HELLO_56Q71.BAS
00023A                01459 _pblb__35
00023A D7FF           01460     bra _pblb__35
                      01461 ;---------------------------------------------
00023C                01462 __eof
                      01463 ;---------------------------------------------
                      01464 ; config FUSES
8C 1D E5 F6 9F FF FF F01465 config FEXTOSC  = off
       F FF FF FF 
                      01466 config RSTOSC   = HFINTOSC_64MHZ
                      01467 config CLKOUTEN = off
                      01468 config PR1WAY   = off
                      01469 config CSWEN    = on
                      01470 config BBEN     = off
                      01471 config FCMEN    = off
                      01472 config FCMENP   = off
                      01473 config FCMENS   = off
                      01474 config MCLRE    = EXTMCLR
                      01475 config PWRTS    = PWRT_64
                      01476 config MVECEN   = off
                      01477 config IVT1WAY  = off
                      01478 config LPBOREN  = off
                      01479 config BOREN    = SBORDIS
                      01480 config BORV     = VBOR_2P45
                      01481 config ZCD      = off
                      01482 config PPS1WAY  = off
                      01483 config STVREN   = on
                      01484 config LVP      = on
                      01485 config XINST    = off
                      01486 config DEBUG    = off
                      01487 config WDTCPS   = WDTCPS_31
                      01488 config WDTE     = off
                      01489 config WDTCWS   = WDTCWS_7
                      01490 config WDTCCS   = SC
                      01491 config WRTB     = off
                      01492 config WRTC     = off
                      01493 config WRTD     = off
                      01494 config WRTSAF   = off
                      01495 config WRTAPP   = off
                      01496 config CPD      = off
                      01497 config CP       = off
                      01499     end
SYMBOL TABLE
  LABEL                             VALUE 
ACTCON                            000000AC
ADACCH                            000003E4
ADACCL                            000003E3
ADACCLH                           000003E4
ADACCLHH                          000003E5
ADACCLHHH                         000004E8
ADACCU                            000003E5
ADACQH                            000003EF
ADACQL                            000003EE
ADACQLH                           000003EF
ADACT                             000003F9
ADACTPPS                          00000269
ADCAP                             000003F0
ADCGA                             00000110
ADCGB                             00000111
ADCGC                             00000112
ADCGD                             00000113
ADCGE                             00000114
ADCGF                             00000115
ADCLK                             000003FA
ADCNT                             000003E6
ADCON0                            000003F3
ADCON1                            000003F4
ADCON2                            000003F5
ADCON3                            000003F6
ADCP                              000003D8
ADCPCON                           000003D8
ADCSEL1                           000003FC
ADCSEL2                           000003FD
ADCSEL3                           000003FE
ADCSEL4                           000003FF
ADCTX                             000003FB
ADERRH                            000003DE
ADERRL                            000003DD
ADERRLH                           000003DE
ADFLTRH                           000003E2
ADFLTRL                           000003E1
ADFLTRLH                          000003E2
ADLTHH                            000003DA
ADLTHL                            000003D9
ADLTHLH                           000003DA
ADNCH                             000003ED
ADPCH                             000003EC
ADPREH                            000003F2
ADPREL                            000003F1
ADPRELH                           000003F2
ADPREVH                           000003E9
ADPREVL                           000003E8
ADPREVLH                          000003E9
ADREF                             000003F8
ADRESH                            000003EB
ADRESL                            000003EA
ADRESLH                           000003EB
ADRPT                             000003E7
ADSTAT                            000003F7
ADSTPTH                           000003E0
ADSTPTL                           000003DF
ADSTPTLH                          000003E0
ADUTHH                            000003DC
ADUTHL                            000003DB
ADUTHLH                           000003DC
ANSELA                            00000400
ANSELB                            00000408
ANSELC                            00000410
ANSELD                            00000418
ANSELE                            00000420
ANSELF                            00000428
APMCLK                            000001D8
APMCLKPPS                         0000027A
APMCON                            000001C0
APMEND1H                          000001CF
APMEND1L                          000001CE
APMEND1U                          000001D0
APMEND2H                          000001D4
APMEND2L                          000001D3
APMEND2U                          000001D5
APMPERE1H                         000001D2
APMPERE1L                         000001D1
APMPERE2H                         000001D7
APMPERE2L                         000001D6
APMPERH                           000001C4
APMPERL                           000001C3
APMPERS1H                         000001C8
APMPERS1L                         000001C7
APMPERS2H                         000001CD
APMPERS2L                         000001CC
APMPREH                           000001C2
APMPREL                           000001C1
APMSTART1H                        000001C6
APMSTART1L                        000001C5
APMSTART2H                        000001CA
APMSTART2L                        000001C9
APMSTART2U                        000001CB
APMSTATUSH                        000001DA
APMSTATUSL                        000001D9

BANKA_END                         0X55F
BANKA_START                       0X500
BCHAR                             00000504
BCOUNT                            00000503
BKNOWN                            _B__VR1,2
BORCON                            00000049
BSR                               000004E0
BSR_CSHAD                         00000375
BSR_SHAD                          00000379
BSWOLD                            _B__VR1,0
BTICK                             00000505
BTICKH                            00000506
BWIRES                            _B__VR1,1
C                                 00000000
CCP1CAP                           00000343
CCP1CON                           00000342
CCP1PPS                           0000024F
CCP2CAP                           00000347
CCP2CON                           00000346
CCP2PPS                           00000250
CCPR1H                            00000341
CCPR1L                            00000340
CCPR1LH                           00000341
CCPR2H                            00000345
CCPR2L                            00000344
CCPR2LH                           00000345
CCPTMRS0                          0000034C
CLCDATA                           000000D4
CLCIN0PPS                         00000261
CLCIN1PPS                         00000262
CLCIN2PPS                         00000263
CLCIN3PPS                         00000264
CLCIN4PPS                         00000265
CLCIN5PPS                         00000266
CLCIN6PPS                         00000267
CLCIN7PPS                         00000268
CLCNCON                           000000D6
CLCNGLS0                          000000DC
CLCNGLS1                          000000DD
CLCNGLS2                          000000DE
CLCNGLS3                          000000DF
CLCNPOL                           000000D7
CLCNSEL0                          000000D8
CLCNSEL1                          000000D9
CLCNSEL2                          000000DA
CLCNSEL3                          000000DB
CLCSELECT                         000000D5
CLKRCLK                           0000003A
CLKRCON                           00000039
CLRC                              bcf STATUS,0
CLRW                              clrf WREG
CLRZ                              bcf STATUS,2
CM1CON0                           00000070
CM1CON1                           00000071
CM1NCH                            00000072
CM1PCH                            00000073
CM2CON0                           00000074
CM2CON1                           00000075
CM2NCH                            00000076
CM2PCH                            00000077
CMOUT                             0000006F
CONFIG_REQ                        1
CPUDOZE                           000004F2
CRCCON0                           00000356
CRCCON1                           00000357
CRCCON2                           00000358
CRCDATAH                          0000034F
CRCDATAL                          0000034E
CRCDATALH                         0000034F
CRCDATALHH                        00000350
CRCDATAT                          00000351
CRCDATAU                          00000350
CRCOUTH                           00000353
CRCOUTL                           00000352
CRCOUTLH                          00000353
CRCOUTLHH                         00000354
CRCOUTT                           00000355
CRCOUTU                           00000354
CRCSHFTH                          00000353
CRCSHFTL                          00000352
CRCSHFTLH                         00000353
CRCSHFTLHH                        00000354
CRCSHFTT                          00000355
CRCSHFTU                          00000354
CRCSHIFTH                         00000353
CRCSHIFTL                         00000352
CRCSHIFTLH                        00000353
CRCSHIFTLHH                       00000354
CRCSHIFTT                         00000355
CRCSHIFTU                         00000354
CRCXORH                           00000353
CRCXORL                           00000352
CRCXORLH                          00000353
CRCXORLHH                         00000354
CRCXORT                           00000355
CRCXORU                           00000354
CWG1AS0                           000003C2
CWG1AS1                           000003C3
CWG1CLK                           000003BC
CWG1CLKCON                        000003BC
CWG1CON0                          000003C0
CWG1CON1                          000003C1
CWG1DAT                           000003BD
CWG1DBF                           000003BF
CWG1DBR                           000003BE
CWG1INPPS                         0000025B
CWG1ISM                           000003BD
CWG1PPS                           0000025B
CWG1STR                           000003C4
DAC1CON                           0000007F
DAC1DATH                          0000007E
DAC1DATL                          0000007D
DAC2CON                           000000C2
DAC2DAT                           000000C0
DAC2DATL                          000000C0
DAC3CON                           000000C5
DAC3DAT                           000000C3
DAC3DATL                          000000C3
DC                                00000001
DMA1PR                            000000B6
DMA2PR                            000000B7
DMA3PR                            000000B8
DMA4PR                            000000B9
DMANAIRQ                          000000FE
DMANBUF                           000000E9
DMANCON0                          000000FC
DMANCON1                          000000FD
DMANDCNTH                         000000EB
DMANDCNTL                         000000EA
DMANDCNTLH                        000000EB
DMANDPTRH                         000000ED
DMANDPTRL                         000000EC
DMANDPTRLH                        000000ED
DMANDSAH                          000000F1
DMANDSAL                          000000F0
DMANDSZH                          000000EF
DMANDSZL                          000000EE
DMANDSZLH                         000000EF
DMANSCNTH                         000000F3
DMANSCNTL                         000000F2
DMANSCNTLH                        000000F3
DMANSIRQ                          000000FF
DMANSPTRH                         000000F5
DMANSPTRL                         000000F4
DMANSPTRLH                        000000F5
DMANSPTRLHH                       000000F6
DMANSPTRLHHH                      000004E8
DMANSPTRU                         000000F6
DMANSSAH                          000000FA
DMANSSAL                          000000F9
DMANSSALH                         000000FA
DMANSSALHH                        000000FB
DMANSSALHHH                       000004E8
DMANSSAU                          000000FB
DMANSSZH                          000000F8
DMANSSZL                          000000F7
DMANSSZLH                         000000F8
DMASELECT                         000000E8
EEADRH                            00000044
EEADRHH                           00000045
EEADRHHH                          000004E8
EEADRL                            00000043
EEADRLH                           00000044
EEADRLHH                          00000045
EEADRLHHH                         000004E8
EECON1                            00000041
EEDATAH                           00000047
EEDATAL                           00000046
EEDATH                            00000047
EEDATL                            00000046
F1_000036                         00000054
F1_000037                         00000058
F1_000040                         0000005C
F1_000041                         00000064
F1_000042                         00000066
F1_000048                         00000068
F1_000049                         00000070
F1_000050                         00000076
F1_000051                         0000007A
F1_000052                         0000007E
F1_000056                         00000082
F1_000057                         00000086
F1_000058                         00000088
F1_000059                         0000008E
F1_000060                         00000092
F1_000061                         00000094
F1_000062                         00000098
F1_000063                         0000009C
F1_000065                         000000A0
F1_000066                         000000A8
F1_000068                         000000AA
F1_000069                         000000B2
F1_000070                         000000B6
F1_000071                         000000BA
F1_000072                         000000BC
F1_000074                         000000BE
F1_000075                         000000CA
F1_000076                         000000D2
F1_000077                         000000D8
F1_000079                         000000D8
F1_000080                         000000DC
F1_000081                         000000E0
F1_000082                         000000EA
F1_000083                         000000EE
F1_000084                         000000F6
F1_000085                         000000FE
F1_000086                         000000FE
F1_000087                         00000102
F1_000088                         00000104
F1_000089                         00000108
F1_000090                         00000110
F1_000091                         00000118
F1_000092                         00000118
F1_000093                         0000011C
F1_000094                         0000011E
F1_000095                         0000011E
F1_000096                         00000120
F1_000097                         00000120
F1_000100                         00000122
F1_000101                         0000012A
F1_000102                         0000012E
F1_000105                         00000130
F1_000106                         00000136
F1_000110                         0000013C
F1_000111                         0000014E
F1_000112                         00000160
F1_000113                         00000172
F1_000114                         00000184
F1_000115                         00000190
F1_000116                         00000198
F1_000117                         0000019C
F1_000118                         000001AE
F1_000119                         000001C0
F1_000120                         000001D2
F1_000121                         000001E4
F1_000122                         000001EA
F1_000123                         000001EA
F1_000124                         000001EC
F1_000125                         000001EE
F1_000126                         000001F6
F1_000129                         000001F8
F1_000130                         0000020A
F1_000134                         0000020C
F1_000135                         00000214
F1_000136                         0000021C
F1_000137                         00000220
F1_000138                         00000220
F1_000139                         00000222
F1_000140                         0000022C
F1_000141                         0000022E
F1_000142                         00000230
F1_000143                         00000230
F1_000144                         00000236
F1_EOF                            0000023A
F1_SOF                            00000028
FSCMCON                           00000458
FSR0H                             000004EA
FSR0H_SHAD                        0000037D
FSR0L                             000004E9
FSR0LH                            000004EA
FSR0LH_SHAD                       0000037D
FSR0L_SHAD                        0000037C
FSR1H                             000004E2
FSR1H_SHAD                        0000037F
FSR1L                             000004E1
FSR1LH                            000004E2
FSR1LH_SHAD                       0000037F
FSR1L_SHAD                        0000037E
FSR2H                             000004DA
FSR2H_SHAD                        00000381
FSR2L                             000004D9
FSR2LH                            000004DA
FSR2LH_SHAD                       00000381
FSR2L_SHAD                        00000380
FVRCON                            000003D7
HLVDCON0                          0000004A
HLVDCON1                          0000004B
I2C1ADB0                          0000028D
I2C1ADB1                          0000028E
I2C1ADR0                          0000028F
I2C1ADR1                          00000290
I2C1ADR2                          00000291
I2C1ADR3                          00000292
I2C1BAUD                          0000029D
I2C1BTO                           0000029C
I2C1BTOC                          0000029F
I2C1CLK                           0000029E
I2C1CNTH                          0000028C
I2C1CNTL                          0000028B
I2C1CNTLH                         0000028C
I2C1CON0                          00000293
I2C1CON1                          00000294
I2C1CON2                          00000295
I2C1CON3                          00000296
I2C1ERR                           00000297
I2C1PIE                           0000029B
I2C1PIR                           0000029A
I2C1RXB                           00000289
I2C1SCLPPS                        00000271
I2C1SDAPPS                        00000270
I2C1STAT0                         00000298
I2C1STAT1                         00000299
I2C1TXB                           0000028A
INDF0                             000004EF
INDF1                             000004E7
INDF2                             000004DF
INLVLA                            00000404
INLVLB                            0000040C
INLVLC                            00000414
INLVLD                            0000041C
INLVLE                            00000424
INLVLF                            0000042C
INT0PPS                           0000023E
INT1PPS                           0000023F
INT2PPS                           00000240
INTCON0                           000004D6
INTCON1                           000004D7
IOCAF                             00000407
IOCAN                             00000406
IOCAP                             00000405
IOCBF                             0000040F
IOCBN                             0000040E
IOCBP                             0000040D
IOCCF                             00000417
IOCCN                             00000416
IOCCP                             00000415
IOCEF                             00000427
IOCEN                             00000426
IOCEP                             00000425
IOCWF                             0000043F
IOCWN                             0000043E
IOCWP                             0000043D
IPR0                              0000049C
IPR1                              0000049D
IPR10                             000004A6
IPR2                              0000049E
IPR3                              0000049F
IPR4                              000004A0
IPR5                              000004A1
IPR6                              000004A2
IPR7                              000004A3
IPR8                              000004A4
IPR9                              000004A5
ISRPR                             000000BF
IVTADH                            0000045B
IVTADL                            0000045A
IVTADLH                           0000045B
IVTADLHH                          0000045C
IVTADLHHH                         000004E8
IVTADU                            0000045C
IVTBASEH                          0000045E
IVTBASEL                          0000045D
IVTBASELH                         0000045E
IVTBASELHH                        0000045F
IVTBASELHHH                       000004E8
IVTBASEU                          0000045F
IVTLOCK                           00000459
LABEL_POINTER                     
LATA                              00000140
LATB                              00000141
LATC                              00000142
LATD                              00000143
LATE                              00000144
LATF                              00000145
LATW                              00000101
MAINPR                            000000BE
N                                 00000004
NCO1ACCH                          00000441
NCO1ACCL                          00000440
NCO1ACCLH                         00000441
NCO1ACCLHH                        00000442
NCO1ACCLHHH                       000004E8
NCO1ACCU                          00000442
NCO1CLK                           00000447
NCO1CON                           00000446
NCO1INCH                          00000444
NCO1INCL                          00000443
NCO1INCLH                         00000444
NCO1INCLHH                        00000445
NCO1INCLHHH                       000004E8
NCO1INCU                          00000445
NEGW                              negf WREG
NVMADRH                           00000044
NVMADRL                           00000043
NVMADRLH                          00000044
NVMADRLHH                         00000045
NVMADRLHHH                        000004E8
NVMADRU                           00000045
NVMCON0                           00000040
NVMCON1                           00000041
NVMDATAH                          00000047
NVMDATAL                          00000046
NVMDATH                           00000047
NVMDATL                           00000046
NVMLOCK                           00000042
ODCONA                            00000402
ODCONB                            0000040A
ODCONC                            00000412
ODCOND                            0000041A
ODCONE                            00000422
ODCONF                            0000042A
OPA1CON0                          0000011F
OPA1CON1                          00000120
OPA1CON2                          00000121
OPA1CON3                          00000122
OPA1CON4                          00000123
OPA1HWC                           00000124
OPA1OFFSET                        00000125
OPA1ORPPS                         00000276
OPA1ORS                           00000126
OPA2CON0                          00000127
OPA2CON1                          00000128
OPA2CON2                          00000129
OPA2CON3                          0000012A
OPA2CON4                          0000012B
OPA2HWC                           0000012C
OPA2OFFSET                        0000012D
OPA2ORPPS                         00000277
OPA2ORS                           0000012E
OSCCON1                           000000AD
OSCCON2                           000000AE
OSCCON3                           000000AF
OSCEN                             000000B3
OSCFREQ                           000000B1
OSCFRQ                            000000B1
OSCSTAT                           000000B2
OSCSTAT1                          000000B2
OSCTUNE                           000000B0
OV                                00000003
PCL                               000004F9
PCLATH                            000004FA
PCLATHH                           000004FB
PCLATHHH                          000004E8
PCLATHH_SHAD                      0000037B
PCLATH_SHAD                       0000037A
PCLATLH                           000004FA
PCLATLH_SHAD                      0000037A
PCLATU                            000004FB
PCLATU_SHAD                       0000037B
PCON0                             000004F0
PCON1                             000004F1
PD                                00000005
PIE0                              000004A7
PIE1                              000004A8
PIE10                             000004B1
PIE2                              000004A9
PIE3                              000004AA
PIE4                              000004AB
PIE5                              000004AC
PIE6                              000004AD
PIE7                              000004AE
PIE8                              000004AF
PIE9                              000004B0
PIR0                              000004B2
PIR1                              000004B3
PIR10                             000004BC
PIR2                              000004B4
PIR3                              000004B5
PIR4                              000004B6
PIR5                              000004B7
PIR6                              000004B8
PIR7                              000004B9
PIR8                              000004BA
PIR9                              000004BB
PLUSW0                            000004EB
PLUSW1                            000004E3
PLUSW2                            000004DB
PMD0                              00000062
PMD1                              00000063
PMD2                              00000064
PMD3                              00000065
PMD4                              00000066
PMD5                              00000067
PMD6                              00000068
PORTA                             00000150
PORTB                             00000151
PORTC                             00000152
PORTD                             00000153
PORTE                             00000154
PORTF                             00000155
PORTW                             00000100
PORTWCLK                          0000010A
PORTWCON                          0000010C
PORTWDF                           0000010B
PORTWIN0                          00000102
PORTWIN1                          00000103
PORTWIN2                          00000104
PORTWIN3                          00000105
PORTWIN4                          00000106
PORTWIN5                          00000107
PORTWIN6                          00000108
PORTWIN7                          00000109
POSTDEC0                          000004ED
POSTDEC1                          000004E5
POSTDEC2                          000004DD
POSTINC0                          000004EE
POSTINC1                          000004E6
POSTINC2                          000004DE
PP0                               00000500
PP0H                              00000501
PPSLOCK                           00000200
PP_ACKDT                          00000006
PP_ADCS                           00000004
PP_ADCS0                          00000000
PP_ADCS1                          00000001
PP_ADCS2                          00000002
PP_ADCS3                          00000003
PP_ADCS4                          00000004
PP_ADCS5                          00000005
PP_ADCSEN                         00000005
PP_ADON                           00000007
PP_C1TSEL0                        00000000
PP_C1TSEL1                        00000001
PP_C2TSEL0                        00000002
PP_C2TSEL1                        00000003
PP_GO                             00000000
PP_GO_DONE                        00000000
PP_GO_NOT_DONE                    00000000
PP_RD0                            00000000
PP_RD0PPS0                        00000000
PP_RD0PPS1                        00000001
PP_RD0PPS2                        00000002
PP_RD0PPS3                        00000003
PP_RD0PPS4                        00000004
PP_RD0PPS5                        00000005
PP_RD1                            00000001
PP_RD16                           00000001
PP_RD161                          00000001
PP_RD163                          00000001
PP_RD1PPS0                        00000000
PP_RD1PPS1                        00000001
PP_RD1PPS2                        00000002
PP_RD1PPS3                        00000003
PP_RD1PPS4                        00000004
PP_RD1PPS5                        00000005
PP_RD2                            00000002
PP_RD2PPS0                        00000000
PP_RD2PPS1                        00000001
PP_RD2PPS2                        00000002
PP_RD2PPS3                        00000003
PP_RD2PPS4                        00000004
PP_RD2PPS5                        00000005
PP_RD3                            00000003
PP_RD3PPS0                        00000000
PP_RD3PPS1                        00000001
PP_RD3PPS2                        00000002
PP_RD3PPS3                        00000003
PP_RD3PPS4                        00000004
PP_RD3PPS5                        00000005
PP_RD4                            00000004
PP_RD4PPS0                        00000000
PP_RD4PPS1                        00000001
PP_RD4PPS2                        00000002
PP_RD4PPS3                        00000003
PP_RD4PPS4                        00000004
PP_RD4PPS5                        00000005
PP_RD5                            00000005
PP_RD5PPS0                        00000000
PP_RD5PPS1                        00000001
PP_RD5PPS2                        00000002
PP_RD5PPS3                        00000003
PP_RD5PPS4                        00000004
PP_RD5PPS5                        00000005
PP_RD6                            00000006
PP_RD6PPS0                        00000000
PP_RD6PPS1                        00000001
PP_RD6PPS2                        00000002
PP_RD6PPS3                        00000003
PP_RD6PPS4                        00000004
PP_RD6PPS5                        00000005
PP_RD7                            00000007
PP_RD7PPS0                        00000000
PP_RD7PPS1                        00000001
PP_RD7PPS2                        00000002
PP_RD7PPS3                        00000003
PP_RD7PPS4                        00000004
PP_RD7PPS5                        00000005
PP_RDSEL                          00000003
PP_RDY                            00000004
PP_RSEN                           00000006
PP_RXBE                           00000001
PP_RXFOIF                         00000001
PP_SEN                            00000007
PP_SENDB                          00000000
PP_T2CKPS0                        00000004
PP_T2CKPS1                        00000005
PP_T2CKPS2                        00000006
PP_TMR2ON                         00000007
PP_TMR4ON                         00000007
PP_U1RXIF                         00000000
PP_U1TXIF                         00000001
PP_U2RXIF                         00000000
PP_U2TXIF                         00000001
PP_WR1IE                          00000004
PP_WR1IF                          00000004
PP_WRERR                          00000007
PP_WRIE                           00000004
PP_WRIF                           00000004
PR0                               00000319
PR1                               00000317
PR2                               0000031E
PR3                               00000328
PR4                               0000032B
PREINC0                           000004EC
PREINC1                           000004E4
PREINC2                           000004DC
PRLOCK                            000000B4
PRODH                             000004F4
PRODH_SHAD                        00000383
PRODL                             000004F3
PRODLH                            000004F4
PRODLH_SHAD                       00000383
PRODL_SHAD                        00000382
PWM1CLK                           00000461
PWM1CON                           00000469
PWM1CPRE                          00000465
PWM1ERS                           00000460
PWM1ERSPPS                        00000251
PWM1GIE                           00000468
PWM1GIR                           00000467
PWM1LDS                           00000462
PWM1PIPOS                         00000466
PWM1PRH                           00000464
PWM1PRL                           00000463
PWM1PRLH                          00000464
PWM1S1CFG                         0000046A
PWM1S1P1H                         0000046C
PWM1S1P1L                         0000046B
PWM1S1P1LH                        0000046C
PWM1S1P2H                         0000046E
PWM1S1P2L                         0000046D
PWM1S1P2LH                        0000046E
PWM2CLK                           00000470
PWM2CON                           00000478
PWM2CPRE                          00000474
PWM2ERS                           0000046F
PWM2ERSPPS                        00000252
PWM2GIE                           00000477
PWM2GIR                           00000476
PWM2LDS                           00000471
PWM2PIPOS                         00000475
PWM2PRH                           00000473
PWM2PRL                           00000472
PWM2PRLH                          00000473
PWM2S1CFG                         00000479
PWM2S1P1H                         0000047B
PWM2S1P1L                         0000047A
PWM2S1P1LH                        0000047B
PWM2S1P2H                         0000047D
PWM2S1P2L                         0000047C
PWM2S1P2LH                        0000047D
PWM3CLK                           0000047F
PWM3CON                           00000487
PWM3CPRE                          00000483
PWM3ERS                           0000047E
PWM3ERSPPS                        00000253
PWM3GIE                           00000486
PWM3GIR                           00000485
PWM3LDS                           00000480
PWM3PIPOS                         00000484
PWM3PRH                           00000482
PWM3PRL                           00000481
PWM3PRLH                          00000482
PWM3S1CFG                         00000488
PWM3S1P1H                         0000048A
PWM3S1P1L                         00000489
PWM3S1P1LH                        0000048A
PWM3S1P2H                         0000048C
PWM3S1P2L                         0000048B
PWM3S1P2LH                        0000048C
PWMEN                             0000049A
PWMIN0PPS                         00000257
PWMIN1PPS                         00000258
PWMLOAD                           00000499
RA0PPS                            00000201
RA1PPS                            00000202
RA2PPS                            00000203
RA3PPS                            00000204
RA4PPS                            00000205
RA5PPS                            00000206
RA6PPS                            00000207
RA7PPS                            00000208
RAM_BANKS                         16
RB0PPS                            00000209
RB1I2C                            00000286
RB1PPS                            0000020A
RB2I2C                            00000285
RB2PPS                            0000020B
RB3PPS                            0000020C
RB4PPS                            0000020D
RB5PPS                            0000020E
RB6PPS                            0000020F
RB7PPS                            00000210
RC0PPS                            00000211
RC1PPS                            00000212
RC2PPS                            00000213
RC3I2C                            00000288
RC3PPS                            00000214
RC4I2C                            00000287
RC4PPS                            00000215
RC5PPS                            00000216
RC6PPS                            00000217
RC7PPS                            00000218
RD0PPS                            00000219
RD1PPS                            0000021A
RD2PPS                            0000021B
RD3PPS                            0000021C
RD4PPS                            0000021D
RD5PPS                            0000021E
RD6PPS                            0000021F
RD7PPS                            00000220
RE0PPS                            00000221
RE1PPS                            00000222
RE2PPS                            00000223
RF0PPS                            00000225
RF1PPS                            00000226
RF2PPS                            00000227
RF3PPS                            00000228
RF4PPS                            00000229
RF5PPS                            0000022A
RF6PPS                            0000022B
RF7PPS                            0000022C
SCANCON0                          00000360
SCANHADRH                         0000035E
SCANHADRL                         0000035D
SCANHADRLH                        0000035E
SCANHADRLHH                       0000035F
SCANHADRLHHH                      000004E8
SCANHADRU                         0000035F
SCANLADRH                         0000035B
SCANLADRL                         0000035A
SCANLADRLH                        0000035B
SCANLADRLHH                       0000035C
SCANLADRLHHH                      000004E8
SCANLADRU                         0000035C
SCANPR                            000000B5
SCANTRIG                          00000361
SETC                              bsf STATUS,0
SETZ                              bsf STATUS,2
SHADCON                           00000376
SKPC                              btfss STATUS,0
SKPNC                             btfsc STATUS,0
SKPNZ                             btfsc STATUS,2
SKPZ                              btfss STATUS,2
SLRCONA                           00000403
SLRCONB                           0000040B
SLRCONC                           00000413
SLRCOND                           0000041B
SLRCONE                           00000423
SLRCONF                           0000042B
SPI1BAUD                          00000089
SPI1CLK                           0000008C
SPI1CON0                          00000084
SPI1CON1                          00000085
SPI1CON2                          00000086
SPI1INTE                          0000008B
SPI1INTF                          0000008A
SPI1RXB                           00000080
SPI1SCKPPS                        0000026A
SPI1SDIPPS                        0000026B
SPI1SSPPS                         0000026C
SPI1STATUS                        00000087
SPI1TCNTH                         00000083
SPI1TCNTL                         00000082
SPI1TCNTLH                        00000083
SPI1TWIDTH                        00000088
SPI1TXB                           00000081
STATUS                            000004D8
STATUS_CSHAD                      00000373
STATUS_SHAD                       00000377
STKPTR                            000004FC
T0CKIPPS                          00000241
T0CON0                            0000031A
T0CON1                            0000031B
T1CKIPPS                          00000242
T1CLK                             00000317
T1CON                             00000314
T1GATE                            00000316
T1GCON                            00000315
T1GPPS                            00000243
T2CLK                             00000321
T2CLKCON                          00000321
T2CON                             0000031F
T2HLT                             00000320
T2INPPS                           00000248
T2PR                              0000031E
T2RST                             00000322
T2TMR                             0000031D
T3CKIPPS                          00000244
T3CLK                             00000328
T3CON                             00000325
T3GATE                            00000327
T3GCON                            00000326
T3GPPS                            00000245
T4CLK                             0000032E
T4CLKCON                          0000032E
T4CON                             0000032C
T4HLT                             0000032D
T4INPPS                           00000249
T4PR                              0000032B
T4RST                             0000032F
T4TMR                             0000032A
TABLAT                            000004F5
TBLPTRH                           000004F7
TBLPTRL                           000004F6
TBLPTRLH                          000004F7
TBLPTRLHH                         000004F8
TBLPTRLHHH                        000004E8
TBLPTRU                           000004F8
TMR0                              00000318
TMR0H                             00000319
TMR0L                             00000318
TMR0LH                            00000319
TMR1CLK                           00000317
TMR1CON                           00000314
TMR1GATE                          00000316
TMR1GCON                          00000315
TMR1H                             00000313
TMR1L                             00000312
TMR1LH                            00000313
TMR2                              0000031D
TMR3CLK                           00000328
TMR3CON                           00000325
TMR3GATE                          00000327
TMR3GCON                          00000326
TMR3H                             00000324
TMR3L                             00000323
TMR3LH                            00000324
TMR4                              0000032A
TO                                00000006
TOSH                              000004FE
TOSL                              000004FD
TOSLH                             000004FE
TOSLHH                            000004FF
TOSLHHH                           000004E8
TOSU                              000004FF
TRISA                             00000148
TRISB                             00000149
TRISC                             0000014A
TRISD                             0000014B
TRISE                             0000014C
TRISF                             0000014D
TU16ACLK                          000003A8
TU16ACON0                         000003A0
TU16ACON1                         000003A1
TU16ACRH                          000003A5
TU16ACRL                          000003A4
TU16AERS                          000003A9
TU16AHLT                          000003A2
TU16APRH                          000003A7
TU16APRL                          000003A6
TU16APS                           000003A3
TU16ATMRH                         000003A5
TU16ATMRL                         000003A4
TU16BCLK                          000003B2
TU16BCON0                         000003AA
TU16BCON1                         000003AB
TU16BCRH                          000003AF
TU16BCRL                          000003AE
TU16BERS                          000003B3
TU16BHLT                          000003AC
TU16BPRH                          000003B1
TU16BPRL                          000003B0
TU16BPS                           000003AD
TU16BTMRH                         000003AF
TU16BTMRL                         000003AE
TUCHAIN                           000003B4
TUIN0PPS                          00000278
TUIN1PPS                          00000279
TX_CHAR                           00000122
TX_CRLF                           00000130
TX_HELLO                          0000013C
TX_SW                             000001F8
U1BRGH                            000002AE
U1BRGL                            000002AD
U1BRGLH                           000002AE
U1CON0                            000002AA
U1CON1                            000002AB
U1CON2                            000002AC
U1CTSPPS                          00000273
U1ERRIE                           000002B2
U1ERRIR                           000002B1
U1FIFO                            000002AF
U1P1H                             000002A5
U1P1L                             000002A4
U1P1LH                            000002A5
U1P2H                             000002A7
U1P2L                             000002A6
U1P2LH                            000002A7
U1P3H                             000002A9
U1P3L                             000002A8
U1P3LH                            000002A9
U1RXB                             000002A0
U1RXBL                            000002A0
U1RXCHK                           000002A1
U1RXPPS                           00000272
U1TXB                             000002A2
U1TXBL                            000002A2
U1TXCHK                           000002A3
U1UIR                             000002B0
U2BRGH                            000002C2
U2BRGL                            000002C1
U2BRGLH                           000002C2
U2CON0                            000002BE
U2CON1                            000002BF
U2CON2                            000002C0
U2CTSPPS                          00000275
U2ERRIE                           000002C6
U2ERRIR                           000002C5
U2FIFO                            000002C3
U2P1                              000002B8
U2P1L                             000002B8
U2P2                              000002BA
U2P2L                             000002BA
U2P3                              000002BC
U2P3L                             000002BC
U2RXB                             000002B4
U2RXBL                            000002B4
U2RXPPS                           00000274
U2TXB                             000002B6
U2TXBL                            000002B6
U2UIR                             000002C4
VREGCON                           00000048
WDTCON0                           00000078
WDTCON1                           00000079
WDTPSH                            0000007B
WDTPSL                            0000007A
WDTPSLH                           0000007B
WDTTMR                            0000007C
WIRE_DECIDE                       0000020C
WPUA                              00000401
WPUB                              00000409
WPUC                              00000411
WPUD                              00000419
WPUE                              00000421
WPUF                              00000429
WREG                              000004E8
WREG_CSHAD                        00000374
WREG_SHAD                         00000378
XTAL                              64
Z                                 00000002
ZCDCON                            0000004C
_ADC                              2
_ADC_RES                          12
_B__VR1                           00000502
_COMPILER_MAIN_START_             00000024
_COMPILER__START_                 00000000
_CORE                             16
_CWRITE_BLOCK                     1
_EEPROM                           256
_FLASH                            1
_I2C_SCL_PIN                      00000003
_I2C_SCL_PORT                     0000014A
_I2C_SDA_PIN                      00000004
_I2C_SDA_PORT                     0000014A
_LBL__10                          000000D8
_LBL__12                          000000D8
_LBL__14                          00000120
_LBL__16                          000000FE
_LBL__17                          00000102
_LBL__19                          0000011E
_LBL__2                           000000A8
_LBL__21                          00000118
_LBL__22                          0000011C
_LBL__23                          00000122
_LBL__24                          0000012A
_LBL__27                          000001EA
_LBL__29                          000001F6
_LBL__3                           00000122
_LBL__31                          00000230
_LBL__33                          00000220
_LBL__34                          0000022C
_LBL__4                           00000120
_LBL__5                           000000AA
_LBL__6                           000000BE
_LBL__8                           000000BA
_MAXMEM                           0X010000
_MAXRAM                           4096
_PBLB__35                         0000023A
_PPS_FN_ADGRDA                    00000027
_PPS_FN_ADGRDB                    00000028
_PPS_FN_C1OUT                     0000001B
_PPS_FN_C2OUT                     0000001C
_PPS_FN_CCP1                      0000000D
_PPS_FN_CCP2                      0000000E
_PPS_FN_CLC1                      00000001
_PPS_FN_CLC2                      00000002
_PPS_FN_CLC3                      00000003
_PPS_FN_CLC4                      00000004
_PPS_FN_CLC5                      00000005
_PPS_FN_CLC6                      00000006
_PPS_FN_CLC7                      00000007
_PPS_FN_CLC8                      00000008
_PPS_FN_CLKR                      00000026
_PPS_FN_CWG1A                     00000009
_PPS_FN_CWG1B                     0000000A
_PPS_FN_CWG1C                     0000000B
_PPS_FN_CWG1D                     0000000C
_PPS_FN_NCO1                      00000025
_PPS_FN_PWM11                     0000000F
_PPS_FN_PWM12                     00000010
_PPS_FN_PWM21                     00000011
_PPS_FN_PWM22                     00000012
_PPS_FN_PWM31                     00000013
_PPS_FN_PWM32                     00000014
_PPS_FN_RTS1                      00000017
_PPS_FN_RTS2                      0000001A
_PPS_FN_SCK1                      0000001D
_PPS_FN_SCL1                      00000020
_PPS_FN_SDA1                      00000021
_PPS_FN_SDO1                      0000001E
_PPS_FN_SS1                       0000001F
_PPS_FN_TMR0                      00000022
_PPS_FN_TU16A                     00000023
_PPS_FN_TU16B                     00000024
_PPS_FN_TX1                       00000015
_PPS_FN_TX2                       00000018
_PPS_FN_TXDE1                     00000016
_PPS_FN_TXDE2                     00000019
_RAM_END                          0X14FF
_TRIS_OFFSET                      -8
_USART                            2
_USB                              0
__18F56Q71                        1
__ADIN_TYPE                       1
__DELAY_US_                       00000008
__DELAY_US_WREG_                  0000000A
__EE_RW_TYPE                      3
__EOF                             0000023C
__FLASH_RW_TYPE                   3
__HPWM_TYPE                       1
__MOVFFL                          1
__MSSP_TYPE                       1
__PPS                             1
__PPS_TYPE                        1
__UART_TYPE                       3
__XTAL                            64
MEMORY USAGE MAP ('X' = USED,  '-' = UNUSED)
0000 : XXXXXXXXXXXXXXXX XXXXXXXXXXXXXXXX XXXXXXXXXXXXXXXX XXXXXXXXXXXXXXXX
0040 : XXXXXXXXXXXXXXXX XXXXXXXXXXXXXXXX XXXXXXXXXXXXXXXX XXXXXXXXXXXXXXXX
0080 : XXXXXXXXXXXXXXXX XXXXXXXXXXXXXXXX XXXXXXXXXXXXXXXX XXXXXXXXXXXXXXXX
00C0 : XXXXXXXXXXXXXXXX XXXXXXXXXXXXXXXX XXXXXXXXXXXXXXXX XXXXXXXXXXXXXXXX
0100 : XXXXXXXXXXXXXXXX XXXXXXXXXXXXXXXX XXXXXXXXXXXXXXXX XXXXXXXXXXXXXXXX
0140 : XXXXXXXXXXXXXXXX XXXXXXXXXXXXXXXX XXXXXXXXXXXXXXXX XXXXXXXXXXXXXXXX
0180 : XXXXXXXXXXXXXXXX XXXXXXXXXXXXXXXX XXXXXXXXXXXXXXXX XXXXXXXXXXXXXXXX
01C0 : XXXXXXXXXXXXXXXX XXXXXXXXXXXXXXXX XXXXXXXXXXXXXXXX XXXXXXXXXXXXXXXX
0200 : XXXXXXXXXXXXXXXX XXXXXXXXXXXXXXXX XXXXXXXXXXXXXXXX XXXXXXXXXXXX----
0000 : XXXXXXXXXXX----- ---------------- ---------------- ----------------
ALL OTHER MEMORY BLOCKS UNUSED.
PROGRAM MEMORY BYTES USED:   583
PROGRAM MEMORY BYTES FREE: 64953
ERRORS   :     0
WARNINGS :     0 REPORTED,    34 SUPPRESSED
MESSAGES :     1 REPORTED,     1 SUPPRESSED
